2022/08/19,53137610
2022/08/31,53137610
2022/09/30,53137610
2022/10/31,52932610
2022/11/30,52732610
2022/12/31,52732610
2023/01/31,52732610
2023/02/28,49732610
2023/03/31,49732610
2023/04/30,49732610
2023/05/31,49732610
2023/06/30,49732610
2023/07/31,49732610
2023/08/31,49732610
2023/09/30,49732610
2023/10/31,49732610
2023/11/30,49732610
2023/12/31,49732610
2024/01/31,49732610
2024/02/29,49732610
2024/03/31,49732610
2024/04/30,49732610
2024/05/31,49732610
2024/06/30,49732610
2024/07/31,49732610
2024/08/31,49732610
2024/09/30,49732610
2024/10/31,49732610
2024/11/30,49732610
2024/12/31,49732610
2025/01/31,49732610
2025/02/28,49732610
2025/03/31,49732610
2025/04/30,49732610
2025/05/31,49732610
2025/06/30,49732610
2025/07/31,49732610
2025/08/31,49732610
2025/09/30,49732610
2025/10/31,49732610
2025/11/30,49732610
2025/12/31,49732610
2026/01/31,49732610
2026/02/28,49732610
2026/03/31,49732610
2026/04/30,49732610
2026/05/31,49732610
2026/06/30,49732610
2026/07/31,49732610
2026/08/31,49732610
2026/09/30,49732610
2026/10/31,49732610
2026/11/30,49732610
2026/12/31,49732610
