2022/08/19,747249890
2022/08/31,747249890
2022/09/30,747249890
2022/10/31,720857890
2022/11/30,750953364
2022/12/31,744180393
2023/01/31,742680393
2023/02/28,742242613
2023/03/31,742242613
2023/04/30,742242613
2023/05/31,742242613
2023/06/30,742242613
2023/07/31,742242613
2023/08/31,742242613
2023/09/30,742242613
2023/10/31,742242613
2023/11/30,742242613
2023/12/31,742242613
2024/01/31,742242613
2024/02/29,742242613
2024/03/31,742242613
2024/04/30,742242613
2024/05/31,742242613
2024/06/30,742242613
2024/07/31,742242613
2024/08/31,742242613
2024/09/30,742242613
2024/10/31,742242613
2024/11/30,742242613
2024/12/31,742242613
2025/01/31,742242613
2025/02/28,742242613
2025/03/31,742242613
2025/04/30,742242613
2025/05/31,742242613
2025/06/30,742242613
2025/07/31,742242613
2025/08/31,742242613
2025/09/30,742242613
2025/10/31,742242613
2025/11/30,742242613
2025/12/31,742242613
2026/01/31,742242613
2026/02/28,742242613
2026/03/31,742242613
2026/04/30,742242613
2026/05/31,742242613
2026/06/30,742242613
2026/07/31,742242613
2026/08/31,742242613
2026/09/30,742242613
2026/10/31,742242613
2026/11/30,742242613
2026/12/31,742242613
