timestamp,XDEFI
2020-10-01 09:00:00+09:00,100.0
2020-10-02 09:00:00+09:00,93.2922263946
2020-10-03 09:00:00+09:00,92.0373165178
2020-10-04 09:00:00+09:00,90.7172547652
2020-10-05 09:00:00+09:00,89.0307044875
2020-10-06 09:00:00+09:00,79.6987992296
2020-10-07 09:00:00+09:00,79.2936620655
2020-10-08 09:00:00+09:00,83.5549533967
2020-10-09 09:00:00+09:00,93.4122109876
2020-10-10 09:00:00+09:00,91.143055323
2020-10-11 09:00:00+09:00,93.8166076453
2020-10-12 09:00:00+09:00,94.3474232518
2020-10-13 09:00:00+09:00,92.7403636089
2020-10-14 09:00:00+09:00,88.9821711931
2020-10-15 09:00:00+09:00,92.6930208833
2020-10-16 09:00:00+09:00,91.6245075777
2020-10-17 09:00:00+09:00,92.8164547076
2020-10-18 09:00:00+09:00,99.4086917205
2020-10-19 09:00:00+09:00,95.4738272937
2020-10-20 09:00:00+09:00,89.4086644743
2020-10-21 09:00:00+09:00,91.6493890394
2020-10-22 09:00:00+09:00,95.1933952346
2020-10-23 09:00:00+09:00,95.7352856418
2020-10-24 09:00:00+09:00,95.8543369449
2020-10-25 09:00:00+09:00,92.2889850988
2020-10-26 09:00:00+09:00,91.5762244142
2020-10-27 09:00:00+09:00,92.6034958538
2020-10-28 09:00:00+09:00,88.6463920041
2020-10-29 09:00:00+09:00,83.0427293984
2020-10-30 09:00:00+09:00,80.6086398696
2020-10-31 09:00:00+09:00,79.7751084559
2020-11-01 09:00:00+09:00,81.326020788
2020-11-02 09:00:00+09:00,78.3791826617
2020-11-03 09:00:00+09:00,76.064914496
2020-11-04 09:00:00+09:00,75.7960611643
2020-11-05 09:00:00+09:00,81.1952307206
2020-11-06 09:00:00+09:00,91.0845519912
2020-11-07 09:00:00+09:00,92.0006590251
2020-11-08 09:00:00+09:00,101.0555163643
2020-11-09 09:00:00+09:00,98.6543158834
2020-11-10 09:00:00+09:00,110.8758366367
2020-11-11 09:00:00+09:00,104.9489487091
2020-11-12 09:00:00+09:00,100.9706441809
2020-11-13 09:00:00+09:00,115.3290635907
2020-11-14 09:00:00+09:00,114.9407195745
2020-11-15 09:00:00+09:00,113.6793679653
2020-11-16 09:00:00+09:00,115.9799142203
2020-11-17 09:00:00+09:00,125.5970204823
2020-11-18 09:00:00+09:00,122.0921559824
2020-11-19 09:00:00+09:00,124.8422229849
2020-11-20 09:00:00+09:00,127.1900008614
2020-11-21 09:00:00+09:00,128.0581876908
2020-11-22 09:00:00+09:00,125.5547696284
2020-11-23 09:00:00+09:00,134.7372918553
2020-11-24 09:00:00+09:00,132.9310094704
2020-11-25 09:00:00+09:00,125.182511455
2020-11-26 09:00:00+09:00,118.0021564639
2020-11-27 09:00:00+09:00,117.2110426712
2020-11-28 09:00:00+09:00,120.4626888861
2020-11-29 09:00:00+09:00,125.3635098295
2020-11-30 09:00:00+09:00,131.2767111206
2020-12-01 09:00:00+09:00,126.4038841226
2020-12-02 09:00:00+09:00,138.4938460251
2020-12-03 09:00:00+09:00,142.5050428013
2020-12-04 09:00:00+09:00,130.8859752614
2020-12-05 09:00:00+09:00,139.7294692961
2020-12-06 09:00:00+09:00,137.6567583236
2020-12-07 09:00:00+09:00,139.9035525492
2020-12-08 09:00:00+09:00,128.5416946328
2020-12-09 09:00:00+09:00,132.0358585805
2020-12-10 09:00:00+09:00,126.037655351
2020-12-11 09:00:00+09:00,121.1767817307
2020-12-12 09:00:00+09:00,126.5049613048
2020-12-13 09:00:00+09:00,131.6361824082
2020-12-14 09:00:00+09:00,134.6355265467
2020-12-15 09:00:00+09:00,133.6439926622
2020-12-16 09:00:00+09:00,140.8891401154
2020-12-17 09:00:00+09:00,142.9396829174
2020-12-18 09:00:00+09:00,147.4470100204
2020-12-19 09:00:00+09:00,148.2400305488
2020-12-20 09:00:00+09:00,142.6461889145
2020-12-21 09:00:00+09:00,139.1929578786
2020-12-22 09:00:00+09:00,145.7891451419
2020-12-23 09:00:00+09:00,132.7029777562
2020-12-24 09:00:00+09:00,144.6185600774
2020-12-25 09:00:00+09:00,144.027248754
2020-12-26 09:00:00+09:00,141.7448703981
2020-12-27 09:00:00+09:00,147.6158728573
2020-12-28 09:00:00+09:00,154.7796835117
2020-12-29 09:00:00+09:00,157.0364213157
2020-12-30 09:00:00+09:00,161.1377460508
2020-12-31 09:00:00+09:00,167.9170978282
2021-01-01 09:00:00+09:00,168.5244930218
2021-01-02 09:00:00+09:00,169.5015549644
2021-01-03 09:00:00+09:00,185.6836981673
2021-01-04 09:00:00+09:00,193.7566963269
2021-01-05 09:00:00+09:00,208.8558968631
2021-01-06 09:00:00+09:00,217.3265597164
2021-01-07 09:00:00+09:00,214.905061892
2021-01-08 09:00:00+09:00,211.8835297419
2021-01-09 09:00:00+09:00,234.852646405
2021-01-10 09:00:00+09:00,235.7737527301
2021-01-11 09:00:00+09:00,211.5176399831
2021-01-12 09:00:00+09:00,223.0318532806
2021-01-13 09:00:00+09:00,248.7098413449
2021-01-14 09:00:00+09:00,254.361492594
2021-01-15 09:00:00+09:00,257.1955871125
2021-01-16 09:00:00+09:00,278.4500076511
2021-01-17 09:00:00+09:00,280.3498991673
2021-01-18 09:00:00+09:00,291.6507330276
2021-01-19 09:00:00+09:00,279.656327701
2021-01-20 09:00:00+09:00,285.3844604442
2021-01-21 09:00:00+09:00,237.2830007246
2021-01-22 09:00:00+09:00,275.0256239676
2021-01-23 09:00:00+09:00,286.0998876961
2021-01-24 09:00:00+09:00,338.1228529742
2021-01-25 09:00:00+09:00,313.2861236612
2021-01-26 09:00:00+09:00,344.7727674889
2021-01-27 09:00:00+09:00,339.520485112
2021-01-28 09:00:00+09:00,340.8647066414
2021-01-29 09:00:00+09:00,369.5280095034
2021-01-30 09:00:00+09:00,414.7512091462
2021-01-31 09:00:00+09:00,397.0237655553
2021-02-01 09:00:00+09:00,423.3709261218
2021-02-02 09:00:00+09:00,427.6617141174
2021-02-03 09:00:00+09:00,473.7443052791
2021-02-04 09:00:00+09:00,530.6654584518
2021-02-05 09:00:00+09:00,585.4355202788
2021-02-06 09:00:00+09:00,541.6606371109
2021-02-07 09:00:00+09:00,527.4640181942
2021-02-08 09:00:00+09:00,550.7358922809
2021-02-09 09:00:00+09:00,570.9901135057
2021-02-10 09:00:00+09:00,588.8567325454
2021-02-11 09:00:00+09:00,611.6216365134
2021-02-12 09:00:00+09:00,634.9460359902
2021-02-13 09:00:00+09:00,609.4481978716
2021-02-14 09:00:00+09:00,584.05442947
2021-02-15 09:00:00+09:00,567.8673150899
2021-02-16 09:00:00+09:00,562.00808054
2021-02-17 09:00:00+09:00,583.9231246527
2021-02-18 09:00:00+09:00,574.3317647086
2021-02-19 09:00:00+09:00,556.2628425695
2021-02-20 09:00:00+09:00,632.1861585883
2021-02-21 09:00:00+09:00,624.749604389
2021-02-22 09:00:00+09:00,585.6294219601
2021-02-23 09:00:00+09:00,522.8369543676
2021-02-24 09:00:00+09:00,539.8822737659
2021-02-25 09:00:00+09:00,498.7141986562
2021-02-26 09:00:00+09:00,493.768014366
2021-02-27 09:00:00+09:00,509.1619693983
2021-02-28 09:00:00+09:00,499.2724760096
2021-03-01 09:00:00+09:00,566.351624401
2021-03-02 09:00:00+09:00,569.2612987231
2021-03-03 09:00:00+09:00,572.0649902236
2021-03-04 09:00:00+09:00,575.1692094948
2021-03-05 09:00:00+09:00,692.385355569
2021-03-06 09:00:00+09:00,707.7523306311
2021-03-07 09:00:00+09:00,790.1483514253
2021-03-08 09:00:00+09:00,792.5582698843
2021-03-09 09:00:00+09:00,803.0121435013
2021-03-10 09:00:00+09:00,760.2829408003
2021-03-11 09:00:00+09:00,758.8542980168
2021-03-12 09:00:00+09:00,741.3595500691
2021-03-13 09:00:00+09:00,787.0774312784
2021-03-14 09:00:00+09:00,743.1521276683
2021-03-15 09:00:00+09:00,718.7095855987
2021-03-16 09:00:00+09:00,724.3493461243
2021-03-17 09:00:00+09:00,744.9110930186
2021-03-18 09:00:00+09:00,724.2836014127
2021-03-19 09:00:00+09:00,770.454154307
2021-03-20 09:00:00+09:00,751.7905355078
2021-03-21 09:00:00+09:00,751.0752788163
2021-03-22 09:00:00+09:00,729.0792452219
2021-03-23 09:00:00+09:00,702.2650002552
2021-03-24 09:00:00+09:00,640.2169199128
2021-03-25 09:00:00+09:00,633.6966170096
2021-03-26 09:00:00+09:00,683.2085701623
2021-03-27 09:00:00+09:00,672.4567048922
2021-03-28 09:00:00+09:00,661.5905325765
2021-03-29 09:00:00+09:00,694.4369618027
2021-03-30 09:00:00+09:00,691.3282907432
2021-03-31 09:00:00+09:00,689.4150103961
2021-04-01 09:00:00+09:00,711.7911056505
2021-04-02 09:00:00+09:00,751.5528199369
2021-04-03 09:00:00+09:00,721.7984613397
2021-04-04 09:00:00+09:00,767.0543124405
2021-04-05 09:00:00+09:00,754.8667735097
2021-04-06 09:00:00+09:00,759.2769807471
2021-04-07 09:00:00+09:00,696.3865792186
2021-04-08 09:00:00+09:00,747.4535941608
2021-04-09 09:00:00+09:00,758.990499524
2021-04-10 09:00:00+09:00,763.3670988611
2021-04-11 09:00:00+09:00,775.754025427
2021-04-12 09:00:00+09:00,853.8814122576
2021-04-13 09:00:00+09:00,841.9555511162
2021-04-14 09:00:00+09:00,877.33246182
2021-04-15 09:00:00+09:00,943.9957751048
2021-04-16 09:00:00+09:00,906.1698793969
2021-04-17 09:00:00+09:00,890.4645825289
2021-04-18 09:00:00+09:00,838.6938389835
2021-04-19 09:00:00+09:00,799.9226590619
2021-04-20 09:00:00+09:00,835.3946207757
2021-04-21 09:00:00+09:00,836.5301544599
2021-04-22 09:00:00+09:00,844.5053811917
2021-04-23 09:00:00+09:00,841.4284124148
2021-04-24 09:00:00+09:00,790.0939209769
2021-04-25 09:00:00+09:00,834.2106221396
2021-04-26 09:00:00+09:00,940.5128755981
2021-04-27 09:00:00+09:00,999.5722161178
2021-04-28 09:00:00+09:00,1021.8616487344
2021-04-29 09:00:00+09:00,1025.0523670408
2021-04-30 09:00:00+09:00,1045.5068311248
2021-05-01 09:00:00+09:00,1072.6719799149
2021-05-02 09:00:00+09:00,1083.6395045993
2021-05-03 09:00:00+09:00,1151.6977264676
2021-05-04 09:00:00+09:00,1073.0806397805
2021-05-05 09:00:00+09:00,1116.3895393679
2021-05-06 09:00:00+09:00,1068.7068562616
2021-05-07 09:00:00+09:00,1061.6703469195
2021-05-08 09:00:00+09:00,1107.9750215383
2021-05-09 09:00:00+09:00,1082.3079291108
2021-05-10 09:00:00+09:00,1030.9429473251
2021-05-11 09:00:00+09:00,1111.3528250381
2021-05-12 09:00:00+09:00,1044.6525893504
2021-05-13 09:00:00+09:00,1063.6764623383
2021-05-14 09:00:00+09:00,1169.7261967627
2021-05-15 09:00:00+09:00,1051.1319621815
2021-05-16 09:00:00+09:00,1065.4676669966
2021-05-17 09:00:00+09:00,1029.0545396022
2021-05-18 09:00:00+09:00,1113.8797026901
2021-05-19 09:00:00+09:00,730.1226990419
2021-05-20 09:00:00+09:00,835.7430201846
2021-05-21 09:00:00+09:00,687.7618238017
2021-05-22 09:00:00+09:00,619.9894874209
2021-05-23 09:00:00+09:00,533.1865331568
2021-05-24 09:00:00+09:00,733.0014276918
2021-05-25 09:00:00+09:00,731.8212567975
2021-05-26 09:00:00+09:00,804.70750417
2021-05-27 09:00:00+09:00,761.5432972408
2021-05-28 09:00:00+09:00,671.3363319857
2021-05-29 09:00:00+09:00,617.1500205046
2021-05-30 09:00:00+09:00,677.15672427
2021-05-31 09:00:00+09:00,758.2711873929
2021-06-01 09:00:00+09:00,734.7714116435
2021-06-02 09:00:00+09:00,757.2967924081
2021-06-03 09:00:00+09:00,791.0394080908
2021-06-04 09:00:00+09:00,727.7774076824
2021-06-05 09:00:00+09:00,700.8297992582
2021-06-06 09:00:00+09:00,711.2123219116
2021-06-07 09:00:00+09:00,649.7550735558
2021-06-08 09:00:00+09:00,641.7666586212
2021-06-09 09:00:00+09:00,673.786114334
2021-06-10 09:00:00+09:00,622.3597346705
2021-06-11 09:00:00+09:00,574.4187564499
2021-06-12 09:00:00+09:00,563.2684815403
2021-06-13 09:00:00+09:00,618.1675012963
2021-06-14 09:00:00+09:00,638.0031206836
2021-06-15 09:00:00+09:00,631.6483339316
2021-06-16 09:00:00+09:00,594.2333878012
2021-06-17 09:00:00+09:00,594.3328251057
2021-06-18 09:00:00+09:00,550.2692443841
2021-06-19 09:00:00+09:00,535.0626712716
2021-06-20 09:00:00+09:00,566.7508998568
2021-06-21 09:00:00+09:00,437.2782999129
2021-06-22 09:00:00+09:00,438.4499786735
2021-06-23 09:00:00+09:00,466.1213111944
2021-06-24 09:00:00+09:00,475.0621567941
2021-06-25 09:00:00+09:00,420.3595379337
2021-06-26 09:00:00+09:00,423.6326562696
2021-06-27 09:00:00+09:00,453.7151504569
2021-06-28 09:00:00+09:00,480.7041203909
2021-06-29 09:00:00+09:00,503.27977794
2021-06-30 09:00:00+09:00,525.4703374421
2021-07-01 09:00:00+09:00,491.2566971654
2021-07-02 09:00:00+09:00,500.8000780246
2021-07-03 09:00:00+09:00,531.0633182148
2021-07-04 09:00:00+09:00,560.2799577368
2021-07-05 09:00:00+09:00,564.0647836587
2021-07-06 09:00:00+09:00,600.2359199369
2021-07-07 09:00:00+09:00,595.262650966
2021-07-08 09:00:00+09:00,553.7967386585
2021-07-09 09:00:00+09:00,567.026421205
2021-07-10 09:00:00+09:00,554.1441529177
2021-07-11 09:00:00+09:00,564.9902676974
2021-07-12 09:00:00+09:00,542.8174900098
2021-07-13 09:00:00+09:00,513.4311068407
2021-07-14 09:00:00+09:00,511.1175830269
2021-07-15 09:00:00+09:00,490.4504042745
2021-07-16 09:00:00+09:00,463.445547223
2021-07-17 09:00:00+09:00,463.4924884254
2021-07-18 09:00:00+09:00,468.0658721826
2021-07-19 09:00:00+09:00,436.647940569
2021-07-20 09:00:00+09:00,417.2234558419
2021-07-21 09:00:00+09:00,470.1491212573
2021-07-22 09:00:00+09:00,487.9997424865
2021-07-23 09:00:00+09:00,518.2502284808
2021-07-24 09:00:00+09:00,512.470854696
2021-07-25 09:00:00+09:00,520.0999862524
2021-07-26 09:00:00+09:00,537.2503135001
2021-07-27 09:00:00+09:00,542.9296581869
2021-07-28 09:00:00+09:00,552.578181989
2021-07-29 09:00:00+09:00,570.329969358
2021-07-30 09:00:00+09:00,592.1002382787
2021-07-31 09:00:00+09:00,609.9452824678
2021-08-01 09:00:00+09:00,597.574921022
2021-08-02 09:00:00+09:00,605.9069975292
2021-08-03 09:00:00+09:00,581.0388171242
2021-08-04 09:00:00+09:00,634.4736654619
2021-08-05 09:00:00+09:00,668.4536102725
2021-08-06 09:00:00+09:00,674.8731581576
2021-08-07 09:00:00+09:00,706.3347311473
2021-08-08 09:00:00+09:00,666.6072366793
2021-08-09 09:00:00+09:00,695.5358382749
2021-08-10 09:00:00+09:00,705.3572373371
2021-08-11 09:00:00+09:00,718.9493159363
2021-08-12 09:00:00+09:00,698.0316025893
2021-08-13 09:00:00+09:00,758.8602793989
2021-08-14 09:00:00+09:00,754.7582862278
2021-08-15 09:00:00+09:00,759.3241377904
2021-08-16 09:00:00+09:00,746.1566858135
2021-08-17 09:00:00+09:00,702.4079101445
2021-08-18 09:00:00+09:00,702.4843907119
2021-08-19 09:00:00+09:00,740.4409710966
2021-08-20 09:00:00+09:00,763.9749938733
2021-08-21 09:00:00+09:00,760.54614575
2021-08-22 09:00:00+09:00,762.2618054423
2021-08-23 09:00:00+09:00,795.4299740816
2021-08-24 09:00:00+09:00,736.2461216095
2021-08-25 09:00:00+09:00,755.558618205
2021-08-26 09:00:00+09:00,715.8338760422
2021-08-27 09:00:00+09:00,755.8164500381
2021-08-28 09:00:00+09:00,740.7690436191
2021-08-29 09:00:00+09:00,733.4932394653
2021-08-30 09:00:00+09:00,710.9371560829
2021-08-31 09:00:00+09:00,751.712014794
2021-09-01 09:00:00+09:00,796.5413502768
2021-09-02 09:00:00+09:00,774.1942120523
2021-09-03 09:00:00+09:00,766.4885092425
2021-09-04 09:00:00+09:00,769.0417924627
2021-09-05 09:00:00+09:00,799.6072274286
2021-09-06 09:00:00+09:00,792.9692279918
2021-09-07 09:00:00+09:00,668.2796470878
2021-09-08 09:00:00+09:00,653.6120106694
2021-09-09 09:00:00+09:00,652.4860953776
2021-09-10 09:00:00+09:00,619.4707816209
2021-09-11 09:00:00+09:00,634.2993762619
2021-09-12 09:00:00+09:00,654.0480320168
2021-09-13 09:00:00+09:00,629.0147777014
2021-09-14 09:00:00+09:00,696.6308498702
2021-09-15 09:00:00+09:00,738.7424150878
2021-09-16 09:00:00+09:00,712.0965499462
2021-09-17 09:00:00+09:00,666.1328495832
2021-09-18 09:00:00+09:00,678.7960806575
2021-09-19 09:00:00+09:00,661.588755265
2021-09-20 09:00:00+09:00,568.5438856096
2021-09-21 09:00:00+09:00,531.2933201438
2021-09-22 09:00:00+09:00,596.8706326811
2021-09-23 09:00:00+09:00,607.8625966727
2021-09-24 09:00:00+09:00,559.9873017434
2021-09-25 09:00:00+09:00,551.3170299487
2021-09-26 09:00:00+09:00,601.0490530908
2021-09-27 09:00:00+09:00,570.6863073268
2021-09-28 09:00:00+09:00,563.3267196545
2021-09-29 09:00:00+09:00,565.2431821684
2021-09-30 09:00:00+09:00,585.2802092867
2021-10-01 09:00:00+09:00,632.8802724433
2021-10-02 09:00:00+09:00,644.3133040834
2021-10-03 09:00:00+09:00,641.345790134
2021-10-04 09:00:00+09:00,631.9733337863
2021-10-05 09:00:00+09:00,641.1840837931
2021-10-06 09:00:00+09:00,632.1048476787
2021-10-07 09:00:00+09:00,629.8392983486
2021-10-08 09:00:00+09:00,623.2726639227
2021-10-09 09:00:00+09:00,631.6030664282
2021-10-10 09:00:00+09:00,601.6005463638
2021-10-11 09:00:00+09:00,603.0142510208
2021-10-12 09:00:00+09:00,593.6846424071
2021-10-13 09:00:00+09:00,614.197784756
2021-10-14 09:00:00+09:00,632.4857391152
2021-10-15 09:00:00+09:00,635.4250818665
2021-10-16 09:00:00+09:00,645.2121987134
2021-10-17 09:00:00+09:00,630.8265337827
2021-10-18 09:00:00+09:00,625.4069372252
2021-10-19 09:00:00+09:00,630.8978696445
2021-10-20 09:00:00+09:00,654.4524560971
2021-10-21 09:00:00+09:00,645.3429333368
2021-10-22 09:00:00+09:00,646.6634842829
2021-10-23 09:00:00+09:00,661.816682565
2021-10-24 09:00:00+09:00,650.1159820768
2021-10-25 09:00:00+09:00,670.2213583472
2021-10-26 09:00:00+09:00,676.861192443
2021-10-27 09:00:00+09:00,628.6458755005
2021-10-28 09:00:00+09:00,660.6722229618
2021-10-29 09:00:00+09:00,671.9655504403
2021-10-30 09:00:00+09:00,659.892456485
2021-10-31 09:00:00+09:00,668.1273061612
2021-11-01 09:00:00+09:00,694.2852748568
2021-11-02 09:00:00+09:00,710.639161463
2021-11-03 09:00:00+09:00,743.5345476446
2021-11-04 09:00:00+09:00,715.639575139
2021-11-05 09:00:00+09:00,707.7390239028
2021-11-06 09:00:00+09:00,698.4184018423
2021-11-07 09:00:00+09:00,713.5203050454
2021-11-08 09:00:00+09:00,727.342900227
2021-11-09 09:00:00+09:00,716.0650838146
2021-11-10 09:00:00+09:00,678.267131832
2021-11-11 09:00:00+09:00,688.864971197
2021-11-12 09:00:00+09:00,665.5136069966
2021-11-13 09:00:00+09:00,686.0464283426
2021-11-14 09:00:00+09:00,679.9003373861
2021-11-15 09:00:00+09:00,664.5045716731
2021-11-16 09:00:00+09:00,606.7646456364
2021-11-17 09:00:00+09:00,608.0093120564
2021-11-18 09:00:00+09:00,563.0042306142
2021-11-19 09:00:00+09:00,600.0277100472
2021-11-20 09:00:00+09:00,611.9124154818
2021-11-21 09:00:00+09:00,592.8885031402
2021-11-22 09:00:00+09:00,576.0776424948
2021-11-23 09:00:00+09:00,613.3218539553
2021-11-24 09:00:00+09:00,592.4322749744
2021-11-25 09:00:00+09:00,610.3547107167
2021-11-26 09:00:00+09:00,544.8075659889
2021-11-27 09:00:00+09:00,557.3595820463
2021-11-28 09:00:00+09:00,571.276395877
2021-11-29 09:00:00+09:00,574.9810554489
2021-11-30 09:00:00+09:00,581.5351595874
2021-12-01 09:00:00+09:00,569.9658118945
2021-12-02 09:00:00+09:00,569.2437696967
2021-12-03 09:00:00+09:00,523.5749740969
2021-12-04 09:00:00+09:00,469.7680591442
2021-12-05 09:00:00+09:00,445.972672744
2021-12-06 09:00:00+09:00,471.3821278478
2021-12-07 09:00:00+09:00,469.9627086329
2021-12-08 09:00:00+09:00,497.805280469
2021-12-09 09:00:00+09:00,447.9912743086
2021-12-10 09:00:00+09:00,418.8249713969
2021-12-11 09:00:00+09:00,443.3815215426
2021-12-12 09:00:00+09:00,448.2240765192
2021-12-13 09:00:00+09:00,402.5853170979
2021-12-14 09:00:00+09:00,422.4039959386
2021-12-15 09:00:00+09:00,435.9302075282
2021-12-16 09:00:00+09:00,421.4836005328
2021-12-17 09:00:00+09:00,433.2694430192
2021-12-18 09:00:00+09:00,444.4081885088
2021-12-19 09:00:00+09:00,428.2121312591
2021-12-20 09:00:00+09:00,419.7939726893
2021-12-21 09:00:00+09:00,444.7477533595
2021-12-22 09:00:00+09:00,462.1978789379
2021-12-23 09:00:00+09:00,516.8535749842
2021-12-24 09:00:00+09:00,499.9305644152
2021-12-25 09:00:00+09:00,506.3089132462
2021-12-26 09:00:00+09:00,522.4101635401
2021-12-27 09:00:00+09:00,529.7451439642
2021-12-28 09:00:00+09:00,494.2454835452
2021-12-29 09:00:00+09:00,469.6332201484
2021-12-30 09:00:00+09:00,489.1464058225
2021-12-31 09:00:00+09:00,480.3876194847
2022-01-01 09:00:00+09:00,498.3887978198
2022-01-02 09:00:00+09:00,507.1028382708
2022-01-03 09:00:00+09:00,522.9584660781
2022-01-04 09:00:00+09:00,515.9087523913
2022-01-05 09:00:00+09:00,476.9699370296
2022-01-06 09:00:00+09:00,471.5972839858
2022-01-07 09:00:00+09:00,437.8591935895
2022-01-08 09:00:00+09:00,420.7698466663
2022-01-09 09:00:00+09:00,432.6151419321
2022-01-10 09:00:00+09:00,412.4251415205
2022-01-11 09:00:00+09:00,432.3170175444
2022-01-12 09:00:00+09:00,451.8577124819
2022-01-13 09:00:00+09:00,431.3655660275
2022-01-14 09:00:00+09:00,445.0044471163
2022-01-15 09:00:00+09:00,455.951462094
2022-01-16 09:00:00+09:00,466.2341384601
2022-01-17 09:00:00+09:00,436.8416541647
2022-01-18 09:00:00+09:00,425.9494840802
2022-01-19 09:00:00+09:00,404.8734030665
2022-01-20 09:00:00+09:00,384.2088938504
2022-01-21 09:00:00+09:00,332.7585343669
2022-01-22 09:00:00+09:00,297.5147703129
2022-01-23 09:00:00+09:00,310.5852934485
2022-01-24 09:00:00+09:00,298.087883574
2022-01-25 09:00:00+09:00,304.8822819292
2022-01-26 09:00:00+09:00,300.7874762044
2022-01-27 09:00:00+09:00,293.394559648
2022-01-28 09:00:00+09:00,301.8284796882
2022-01-29 09:00:00+09:00,310.1274447412
2022-01-30 09:00:00+09:00,307.8823229418
2022-01-31 09:00:00+09:00,322.8641442025
2022-02-01 09:00:00+09:00,322.6553348097
2022-02-02 09:00:00+09:00,302.5516878444
2022-02-03 09:00:00+09:00,302.7636481974
2022-02-04 09:00:00+09:00,324.830615966
2022-02-05 09:00:00+09:00,329.0751046046
2022-02-06 09:00:00+09:00,338.6260553606
2022-02-07 09:00:00+09:00,353.5542901519
2022-02-08 09:00:00+09:00,342.3213427141
2022-02-09 09:00:00+09:00,350.798358992
2022-02-10 09:00:00+09:00,328.1714482506
2022-02-11 09:00:00+09:00,310.2035606525
2022-02-12 09:00:00+09:00,309.5351362583
2022-02-13 09:00:00+09:00,303.3325309074
2022-02-14 09:00:00+09:00,308.4794696684
2022-02-15 09:00:00+09:00,331.6388347532
2022-02-16 09:00:00+09:00,330.6401581095
2022-02-17 09:00:00+09:00,306.6493620301
2022-02-18 09:00:00+09:00,300.6129278342
2022-02-19 09:00:00+09:00,298.888285291
2022-02-20 09:00:00+09:00,280.6902991612
2022-02-21 09:00:00+09:00,260.750240024
2022-02-22 09:00:00+09:00,270.9229126602
2022-02-23 09:00:00+09:00,265.580697809
2022-02-24 09:00:00+09:00,263.0296248059
2022-02-25 09:00:00+09:00,279.2991934596
2022-02-26 09:00:00+09:00,285.5371712753
2022-02-27 09:00:00+09:00,279.1175735727
2022-02-28 09:00:00+09:00,306.4778087616
2022-03-01 09:00:00+09:00,311.5848488782
2022-03-02 09:00:00+09:00,312.1565039668
2022-03-03 09:00:00+09:00,304.5117216379
2022-03-04 09:00:00+09:00,281.4901300792
2022-03-05 09:00:00+09:00,284.7138774632
2022-03-06 09:00:00+09:00,269.1893517128
2022-03-07 09:00:00+09:00,264.5054370981
2022-03-08 09:00:00+09:00,268.7409489809
2022-03-09 09:00:00+09:00,288.8193909175
2022-03-10 09:00:00+09:00,275.3450975398
2022-03-11 09:00:00+09:00,271.0858214773
2022-03-12 09:00:00+09:00,275.1992617558
2022-03-13 09:00:00+09:00,267.3608497109
2022-03-14 09:00:00+09:00,277.723389229
2022-03-15 09:00:00+09:00,280.2921553195
2022-03-16 09:00:00+09:00,295.3397455334
2022-03-17 09:00:00+09:00,307.1482309991
2022-03-18 09:00:00+09:00,317.0470556155
2022-03-19 09:00:00+09:00,323.0859452129
2022-03-20 09:00:00+09:00,310.2107413247
2022-03-21 09:00:00+09:00,313.6263384044
2022-03-22 09:00:00+09:00,319.0276409754
2022-03-23 09:00:00+09:00,328.6436075402
2022-03-24 09:00:00+09:00,338.2347873249
2022-03-25 09:00:00+09:00,339.5721651753
2022-03-26 09:00:00+09:00,350.0635286592
2022-03-27 09:00:00+09:00,366.0531923618
2022-03-28 09:00:00+09:00,359.4832271212
2022-03-29 09:00:00+09:00,390.486165156
2022-03-30 09:00:00+09:00,396.4816408827
2022-03-31 09:00:00+09:00,380.3969030798
2022-04-01 09:00:00+09:00,403.311126216
2022-04-02 09:00:00+09:00,398.3114973667
2022-04-03 09:00:00+09:00,405.6074034414
2022-04-04 09:00:00+09:00,402.3723773976
2022-04-05 09:00:00+09:00,386.8823096328
2022-04-06 09:00:00+09:00,345.5214911939
2022-04-07 09:00:00+09:00,359.7833118931
2022-04-08 09:00:00+09:00,335.5877141749
2022-04-09 09:00:00+09:00,346.5567009264
2022-04-10 09:00:00+09:00,338.797324599
2022-04-11 09:00:00+09:00,304.1475234883
2022-04-12 09:00:00+09:00,313.525324585
2022-04-13 09:00:00+09:00,327.1554380351
2022-04-14 09:00:00+09:00,318.3787576105
2022-04-15 09:00:00+09:00,324.2197759729
2022-04-16 09:00:00+09:00,319.8992391446
2022-04-17 09:00:00+09:00,310.5265373686
2022-04-18 09:00:00+09:00,317.2219684989
2022-04-19 09:00:00+09:00,329.7474357589
2022-04-20 09:00:00+09:00,329.2485494092
2022-04-21 09:00:00+09:00,316.8701047706
2022-04-22 09:00:00+09:00,318.4579177319
2022-04-23 09:00:00+09:00,316.6158837699
2022-04-24 09:00:00+09:00,309.7498403353
2022-04-25 09:00:00+09:00,312.5037441886
2022-04-26 09:00:00+09:00,285.5913372295
2022-04-27 09:00:00+09:00,293.6152814569
2022-04-28 09:00:00+09:00,293.6974795123
2022-04-29 09:00:00+09:00,275.957210357
2022-04-30 09:00:00+09:00,252.3931907971
2022-05-01 09:00:00+09:00,261.4539393976
2022-05-02 09:00:00+09:00,259.4858426986
2022-05-03 09:00:00+09:00,254.7133154206
2022-05-04 09:00:00+09:00,286.22896024
2022-05-05 09:00:00+09:00,265.2761171249
2022-05-06 09:00:00+09:00,262.8092645483
2022-05-07 09:00:00+09:00,252.106193661
2022-05-08 09:00:00+09:00,245.018854803
2022-05-09 09:00:00+09:00,205.7576542414
2022-05-10 09:00:00+09:00,210.2225943485
2022-05-11 09:00:00+09:00,163.9540491818
2022-05-12 09:00:00+09:00,156.2090986175
2022-05-13 09:00:00+09:00,167.1266999365
2022-05-14 09:00:00+09:00,172.4594514973
2022-05-15 09:00:00+09:00,181.4358123927
2022-05-16 09:00:00+09:00,170.4429547568
2022-05-17 09:00:00+09:00,181.1865001867
2022-05-18 09:00:00+09:00,162.2283285388
2022-05-19 09:00:00+09:00,167.7083097602
2022-05-20 09:00:00+09:00,164.3307038051
2022-05-21 09:00:00+09:00,166.9168251263
2022-05-22 09:00:00+09:00,174.9541812832
2022-05-23 09:00:00+09:00,166.268037471
2022-05-24 09:00:00+09:00,167.9022329256
2022-05-25 09:00:00+09:00,167.163702596
2022-05-26 09:00:00+09:00,152.4647632733
2022-05-27 09:00:00+09:00,143.093336154
2022-05-28 09:00:00+09:00,144.9749030052
2022-05-29 09:00:00+09:00,149.7238206355
2022-05-30 09:00:00+09:00,169.9654558107
2022-05-31 09:00:00+09:00,167.3406385374
2022-06-01 09:00:00+09:00,153.3382985091
2022-06-02 09:00:00+09:00,156.9356096736
2022-06-03 09:00:00+09:00,149.9071053531
2022-06-04 09:00:00+09:00,151.7803040947
2022-06-05 09:00:00+09:00,151.0841842774
2022-06-06 09:00:00+09:00,157.657261573
2022-06-07 09:00:00+09:00,151.277414762
2022-06-08 09:00:00+09:00,147.7377752043
2022-06-09 09:00:00+09:00,146.5705016761
2022-06-10 09:00:00+09:00,138.0468139108
2022-06-11 09:00:00+09:00,125.6383611525
2022-06-12 09:00:00+09:00,116.3663852009
2022-06-13 09:00:00+09:00,98.3650721194
2022-06-14 09:00:00+09:00,101.6636763508
2022-06-15 09:00:00+09:00,108.7746536597
2022-06-16 09:00:00+09:00,94.2639372215
2022-06-17 09:00:00+09:00,97.2437674058
2022-06-18 09:00:00+09:00,89.1967204866
2022-06-19 09:00:00+09:00,100.9120277057
2022-06-20 09:00:00+09:00,104.5044721895
2022-06-21 09:00:00+09:00,110.0549215757
2022-06-22 09:00:00+09:00,109.7960297984
2022-06-23 09:00:00+09:00,123.6444937533
2022-06-24 09:00:00+09:00,126.1596381427
2022-06-25 09:00:00+09:00,127.7978820336
2022-06-26 09:00:00+09:00,122.8708200406
2022-06-27 09:00:00+09:00,119.5322899099
2022-06-28 09:00:00+09:00,111.6822239621
2022-06-29 09:00:00+09:00,112.0093617996
2022-06-30 09:00:00+09:00,109.7557732354
2022-07-01 09:00:00+09:00,107.9933939499
2022-07-02 09:00:00+09:00,108.9265835909
2022-07-03 09:00:00+09:00,109.8116764145
2022-07-04 09:00:00+09:00,117.1733438038
2022-07-05 09:00:00+09:00,117.0307908118
2022-07-06 09:00:00+09:00,120.523988578
2022-07-07 09:00:00+09:00,127.1849607875
2022-07-08 09:00:00+09:00,125.9069346713
2022-07-09 09:00:00+09:00,134.5859980148
2022-07-10 09:00:00+09:00,128.6124131391
2022-07-11 09:00:00+09:00,118.0630564245
2022-07-12 09:00:00+09:00,115.3210668757
2022-07-13 09:00:00+09:00,124.9593622771
2022-07-14 09:00:00+09:00,136.5061678609
2022-07-15 09:00:00+09:00,134.9535942811
2022-07-16 09:00:00+09:00,141.6525852387
2022-07-17 09:00:00+09:00,135.8396540046
2022-07-18 09:00:00+09:00,149.574653731
2022-07-19 09:00:00+09:00,150.3848935417
2022-07-20 09:00:00+09:00,142.2416031036
2022-07-21 09:00:00+09:00,149.6485216638
2022-07-22 09:00:00+09:00,143.6745480734
2022-07-23 09:00:00+09:00,143.7992638147
2022-07-24 09:00:00+09:00,146.3839346093
2022-07-25 09:00:00+09:00,136.1599614294
2022-07-26 09:00:00+09:00,132.4750239812
2022-07-27 09:00:00+09:00,153.3493422038
2022-07-28 09:00:00+09:00,168.8563230082
2022-07-29 09:00:00+09:00,165.8279199726
2022-07-30 09:00:00+09:00,162.439000432
2022-07-31 09:00:00+09:00,159.4485083053
2022-08-01 09:00:00+09:00,157.727257099
2022-08-02 09:00:00+09:00,155.9064427488
2022-08-03 09:00:00+09:00,160.4294881969
2022-08-04 09:00:00+09:00,160.0859247619
2022-08-05 09:00:00+09:00,167.0895785275
2022-08-06 09:00:00+09:00,162.8392738229
2022-08-07 09:00:00+09:00,166.3305059246
2022-08-08 09:00:00+09:00,167.8756408919
2022-08-09 09:00:00+09:00,160.209736404
2022-08-10 09:00:00+09:00,171.8871673417
2022-08-11 09:00:00+09:00,168.0078009721
2022-08-12 09:00:00+09:00,174.646451783
2022-08-13 09:00:00+09:00,172.2094941776
2022-08-14 09:00:00+09:00,168.4435525926
2022-08-15 09:00:00+09:00,163.9325066017
2022-08-16 09:00:00+09:00,161.5138389975
2022-08-17 09:00:00+09:00,151.8437257237
2022-08-18 09:00:00+09:00,146.4841252172
2022-08-19 09:00:00+09:00,133.4021003428
2022-08-20 09:00:00+09:00,133.3748320495
2022-08-21 09:00:00+09:00,135.6589573342
2022-08-22 09:00:00+09:00,134.5346488455
2022-08-23 09:00:00+09:00,137.9298495061
2022-08-24 09:00:00+09:00,137.7076167309
2022-08-25 09:00:00+09:00,139.7572828387
2022-08-26 09:00:00+09:00,124.8940298562
2022-08-27 09:00:00+09:00,124.1834523266
2022-08-28 09:00:00+09:00,119.4245358246
2022-08-29 09:00:00+09:00,128.8999256954
2022-08-30 09:00:00+09:00,125.6255075708
2022-08-31 09:00:00+09:00,126.6280274773
2022-09-01 09:00:00+09:00,128.4851948252
2022-09-02 09:00:00+09:00,128.6569779504
2022-09-03 09:00:00+09:00,128.5680588662
2022-09-04 09:00:00+09:00,131.5170602261
2022-09-05 09:00:00+09:00,135.0083079692
2022-09-06 09:00:00+09:00,121.8677674933
2022-09-07 09:00:00+09:00,126.7386859748
2022-09-08 09:00:00+09:00,126.3344771316
2022-09-09 09:00:00+09:00,133.8364098339
2022-09-10 09:00:00+09:00,135.715768467
2022-09-11 09:00:00+09:00,134.0268501883
2022-09-12 09:00:00+09:00,133.4864179347
2022-09-13 09:00:00+09:00,123.4548357154
2022-09-14 09:00:00+09:00,126.8684552564
2022-09-15 09:00:00+09:00,122.05746691
2022-09-16 09:00:00+09:00,121.1470266253
2022-09-17 09:00:00+09:00,124.5907822992
2022-09-18 09:00:00+09:00,113.4460166331
2022-09-19 09:00:00+09:00,115.8852579586
2022-09-20 09:00:00+09:00,111.971008831
2022-09-21 09:00:00+09:00,110.3705579932
2022-09-22 09:00:00+09:00,117.697236324
2022-09-23 09:00:00+09:00,119.3572149975
2022-09-24 09:00:00+09:00,117.3387829514
2022-09-25 09:00:00+09:00,115.4411776228
2022-09-26 09:00:00+09:00,117.9160313668
2022-09-27 09:00:00+09:00,121.2041346155
2022-09-28 09:00:00+09:00,123.4441971722
2022-09-29 09:00:00+09:00,122.8839103679
2022-09-30 09:00:00+09:00,121.8007078248
2022-10-01 09:00:00+09:00,119.8250129637
2022-10-02 09:00:00+09:00,117.8440154199
2022-10-03 09:00:00+09:00,122.998033832
2022-10-04 09:00:00+09:00,125.867934197
2022-10-05 09:00:00+09:00,125.9159833245
2022-10-06 09:00:00+09:00,125.497763651
2022-10-07 09:00:00+09:00,124.6312786697
2022-10-08 09:00:00+09:00,122.5091393729
2022-10-09 09:00:00+09:00,125.8983712651
2022-10-10 09:00:00+09:00,121.4320464211
2022-10-11 09:00:00+09:00,117.5061429047
2022-10-12 09:00:00+09:00,117.4196962423
2022-10-13 09:00:00+09:00,117.0972836155
2022-10-14 09:00:00+09:00,117.783306983
2022-10-15 09:00:00+09:00,116.7377542152
2022-10-16 09:00:00+09:00,120.3207641165
2022-10-17 09:00:00+09:00,125.6402337004
2022-10-18 09:00:00+09:00,127.3940358056
2022-10-19 09:00:00+09:00,125.5894564718
2022-10-20 09:00:00+09:00,122.0490563404
2022-10-21 09:00:00+09:00,123.9126677571
2022-10-22 09:00:00+09:00,123.9419483534
2022-10-23 09:00:00+09:00,127.9181549478
2022-10-24 09:00:00+09:00,123.9760201587
2022-10-25 09:00:00+09:00,128.0698126526
2022-10-26 09:00:00+09:00,130.5434001101
2022-10-27 09:00:00+09:00,129.5372296442
2022-10-28 09:00:00+09:00,131.3895343061
2022-10-29 09:00:00+09:00,134.0361587203
2022-10-30 09:00:00+09:00,131.8643057789
2022-10-31 09:00:00+09:00,131.9786892983
2022-11-01 09:00:00+09:00,131.7888323763
2022-11-02 09:00:00+09:00,127.6985258717
2022-11-03 09:00:00+09:00,129.3307263413
2022-11-04 09:00:00+09:00,143.2690624163
2022-11-05 09:00:00+09:00,143.4166340075
2022-11-06 09:00:00+09:00,134.3045153585
2022-11-07 09:00:00+09:00,134.4610959448
2022-11-08 09:00:00+09:00,113.7827125689
2022-11-09 09:00:00+09:00,92.3591273533
2022-11-10 09:00:00+09:00,110.8582894311
2022-11-11 09:00:00+09:00,108.2548225447
2022-11-12 09:00:00+09:00,99.3080759232
2022-11-13 09:00:00+09:00,100.4576494372
2022-11-14 09:00:00+09:00,103.6313053568
2022-11-15 09:00:00+09:00,106.3835296646
2022-11-16 09:00:00+09:00,102.2831913735
2022-11-17 09:00:00+09:00,100.0859003405
2022-11-18 09:00:00+09:00,100.8949968115
2022-11-19 09:00:00+09:00,100.7857582533
2022-11-20 09:00:00+09:00,96.120480874
2022-11-21 09:00:00+09:00,93.0558781712
2022-11-22 09:00:00+09:00,96.5086587482
2022-11-23 09:00:00+09:00,99.957109443
2022-11-24 09:00:00+09:00,99.8179174293
2022-11-25 09:00:00+09:00,99.2831622199
2022-11-26 09:00:00+09:00,99.9209606
2022-11-27 09:00:00+09:00,99.4381390202
2022-11-28 09:00:00+09:00,98.213633179
2022-11-29 09:00:00+09:00,100.1166900087
2022-11-30 09:00:00+09:00,105.2882156177
2022-12-01 09:00:00+09:00,102.7495778162
2022-12-02 09:00:00+09:00,107.062805816
2022-12-03 09:00:00+09:00,103.7205252763
2022-12-04 09:00:00+09:00,106.1197994169
2022-12-05 09:00:00+09:00,105.5237495267
2022-12-06 09:00:00+09:00,108.5361487743
2022-12-07 09:00:00+09:00,105.5611276904
2022-12-08 09:00:00+09:00,108.1639444527
2022-12-09 09:00:00+09:00,106.7911429097
2022-12-10 09:00:00+09:00,108.6086098651
2022-12-11 09:00:00+09:00,105.9225716929
2022-12-12 09:00:00+09:00,105.1010713045
2022-12-13 09:00:00+09:00,106.3485518173
2022-12-14 09:00:00+09:00,105.6571719874
2022-12-15 09:00:00+09:00,102.8750438427
2022-12-16 09:00:00+09:00,93.0825395865
2022-12-17 09:00:00+09:00,95.0034682331
2022-12-18 09:00:00+09:00,94.6437933508
2022-12-19 09:00:00+09:00,90.3514991233
2022-12-20 09:00:00+09:00,94.3644568458
2022-12-21 09:00:00+09:00,93.3103547199
2022-12-22 09:00:00+09:00,93.588401723
2022-12-23 09:00:00+09:00,93.2930817101
2022-12-24 09:00:00+09:00,92.9406658153
2022-12-25 09:00:00+09:00,92.0096944713
2022-12-26 09:00:00+09:00,92.981235846
2022-12-27 09:00:00+09:00,92.3297293831
2022-12-28 09:00:00+09:00,88.1213497802
2022-12-29 09:00:00+09:00,88.8420546642
2022-12-30 09:00:00+09:00,88.5800671992
2022-12-31 09:00:00+09:00,88.5408244993
2023-01-01 09:00:00+09:00,89.2136774072
2023-01-02 09:00:00+09:00,90.9799809116
2023-01-03 09:00:00+09:00,91.0681713771
2023-01-04 09:00:00+09:00,94.0967443381
2023-01-05 09:00:00+09:00,92.561322407
2023-01-06 09:00:00+09:00,94.6185084617
2023-01-07 09:00:00+09:00,94.6193932845
2023-01-08 09:00:00+09:00,98.2434848327
2023-01-09 09:00:00+09:00,101.626022647
2023-01-10 09:00:00+09:00,102.8501285452
2023-01-11 09:00:00+09:00,104.9986792499
2023-01-12 09:00:00+09:00,108.3871709893
2023-01-13 09:00:00+09:00,113.766559086
2023-01-14 09:00:00+09:00,119.8125803781
2023-01-15 09:00:00+09:00,120.5445047915
2023-01-16 09:00:00+09:00,119.5859096786
2023-01-17 09:00:00+09:00,120.2026146119
2023-01-18 09:00:00+09:00,116.0053920577
2023-01-19 09:00:00+09:00,118.5963730587
2023-01-20 09:00:00+09:00,129.4537985943
2023-01-21 09:00:00+09:00,127.018424212
2023-01-22 09:00:00+09:00,131.0847607188
2023-01-23 09:00:00+09:00,131.7357512902
2023-01-24 09:00:00+09:00,124.1316095007
2023-01-25 09:00:00+09:00,130.0592163328
2023-01-26 09:00:00+09:00,130.7520462835
2023-01-27 09:00:00+09:00,134.4753002754
2023-01-28 09:00:00+09:00,131.0051770131
2023-01-29 09:00:00+09:00,136.7007447456
2023-01-30 09:00:00+09:00,126.6231778591
2023-01-31 09:00:00+09:00,128.9318775587
2023-02-01 09:00:00+09:00,136.0288961845
2023-02-02 09:00:00+09:00,137.1642339741
2023-02-03 09:00:00+09:00,140.7053061231
2023-02-04 09:00:00+09:00,142.7472937618
2023-02-05 09:00:00+09:00,140.0644785109
2023-02-07 03:13:00+09:00,143.9564023335
