timestamp,XKC,X30
2021-01-01 09:00:00+09:00,100.0,100.0
2021-01-02 09:00:00+09:00,104.1438661656,96.7353135416
2021-01-03 09:00:00+09:00,100.6676164224,102.0059412128
2021-01-04 09:00:00+09:00,98.213705227,103.232879525
2021-01-05 09:00:00+09:00,101.8676769843,103.8747669501
2021-01-06 09:00:00+09:00,107.7071234916,110.6148113481
2021-01-07 09:00:00+09:00,113.454454349,111.6415448561
2021-01-08 09:00:00+09:00,116.1270704886,110.2168583362
2021-01-09 09:00:00+09:00,120.7108792112,108.5213288907
2021-01-10 09:00:00+09:00,118.2561138724,114.3579290145
2021-01-11 09:00:00+09:00,107.6110022423,113.1891018018
2021-01-12 09:00:00+09:00,107.4803598107,115.9623550703
2021-01-13 09:00:00+09:00,113.7571093019,114.9571464419
2021-01-14 09:00:00+09:00,112.863976082,135.8487122878
2021-01-15 09:00:00+09:00,111.1587511113,134.0347320085
2021-01-16 09:00:00+09:00,114.332097564,132.8068736811
2021-01-17 09:00:00+09:00,115.4743187459,137.4630789802
2021-01-18 09:00:00+09:00,120.8527304177,135.8936720095
2021-01-19 09:00:00+09:00,123.6827053366,132.5159058103
2021-01-20 09:00:00+09:00,129.2939130925,133.4223953162
2021-01-21 09:00:00+09:00,117.1876093963,135.3588692994
2021-01-22 09:00:00+09:00,117.5819127331,134.772531796
2021-01-23 09:00:00+09:00,123.9710556977,128.4942565647
2021-01-24 09:00:00+09:00,125.735044114,128.6608268558
2021-01-25 09:00:00+09:00,127.41825869,126.9945663512
2021-01-26 09:00:00+09:00,150.1202492896,132.2401682523
2021-01-27 09:00:00+09:00,135.8897442408,136.6895217024
2021-01-28 09:00:00+09:00,154.5161820695,141.6606059435
2021-01-29 09:00:00+09:00,152.0698064916,141.3597904457
2021-01-30 09:00:00+09:00,147.2077777974,146.8346924063
2021-01-31 09:00:00+09:00,145.850570614,143.0277199203
2021-02-01 09:00:00+09:00,162.790450538,144.9305891531
2021-02-02 09:00:00+09:00,181.6828143964,146.366350135
2021-02-03 09:00:00+09:00,184.0586863125,147.1221537274
2021-02-04 09:00:00+09:00,198.5660907379,146.5674017984
2021-02-05 09:00:00+09:00,209.6239543916,156.3773005245
2021-02-06 09:00:00+09:00,202.3732402887,159.1421039392
2021-02-07 09:00:00+09:00,211.4059505114,161.5366991061
2021-02-08 09:00:00+09:00,287.1086357802,163.5512394005
2021-02-09 09:00:00+09:00,315.9102708846,168.5264735416
2021-02-10 09:00:00+09:00,323.450518806,165.9494727541
2021-02-11 09:00:00+09:00,314.8394150537,172.5924148936
2021-02-12 09:00:00+09:00,332.4597281372,181.9045201369
2021-02-13 09:00:00+09:00,339.4263762552,182.2120606064
2021-02-14 09:00:00+09:00,329.1641654192,188.1032205811
2021-02-15 09:00:00+09:00,336.2538657811,174.1851873023
2021-02-16 09:00:00+09:00,369.4257034737,170.4828479236
2021-02-17 09:00:00+09:00,418.387007685,169.0918130382
2021-02-18 09:00:00+09:00,494.7398905279,176.7651956984
2021-02-19 09:00:00+09:00,467.4391825799,165.0103998395
2021-02-20 09:00:00+09:00,458.0986896401,163.7264530805
2021-02-21 09:00:00+09:00,464.26268873,166.5819236327
2021-02-22 09:00:00+09:00,461.53137758,165.3534296242
2021-02-23 09:00:00+09:00,415.6191715385,171.901606969
2021-02-24 09:00:00+09:00,431.2344719185,164.988875011
2021-02-25 09:00:00+09:00,397.7439251288,155.9394049187
2021-02-26 09:00:00+09:00,401.3079895692,142.6070941217
2021-02-27 09:00:00+09:00,404.4934550448,143.9489772841
2021-02-28 09:00:00+09:00,365.6325998412,142.4987267717
2021-03-01 09:00:00+09:00,426.1756242794,140.3703716027
2021-03-02 09:00:00+09:00,413.8206182164,139.7705597814
2021-03-03 09:00:00+09:00,446.0388085473,146.7709529698
2021-03-04 09:00:00+09:00,465.1127286381,144.7939774356
2021-03-05 09:00:00+09:00,486.4122346715,144.2547506925
2021-03-06 09:00:00+09:00,510.0695858053,148.722667538
2021-03-07 09:00:00+09:00,540.5581568322,152.3766210041
2021-03-08 09:00:00+09:00,558.9737987181,147.5727299393
2021-03-09 09:00:00+09:00,634.5283744067,128.7860225491
2021-03-10 09:00:00+09:00,664.7212353339,127.6003219054
2021-03-11 09:00:00+09:00,705.9758797729,127.722042747
2021-03-12 09:00:00+09:00,819.3708332675,125.3962072186
2021-03-13 09:00:00+09:00,807.5517341574,76.7331292146
2021-03-14 09:00:00+09:00,895.355845992,87.93141205
2021-03-15 09:00:00+09:00,964.3279677037,82.2141849213
2021-03-16 09:00:00+09:00,1077.0741386873,84.8689187758
2021-03-17 09:00:00+09:00,1102.8804664333,77.3436893279
2021-03-18 09:00:00+09:00,1101.8545492318,80.2633470376
2021-03-19 09:00:00+09:00,1193.1903712757,80.8137748901
2021-03-20 09:00:00+09:00,1225.3148229255,95.7462361384
2021-03-21 09:00:00+09:00,1302.425470656,94.2005171647
2021-03-22 09:00:00+09:00,1227.0089326284,94.7207310693
2021-03-23 09:00:00+09:00,1191.1259312172,88.6029017865
2021-03-24 09:00:00+09:00,1185.9292568819,96.2980340139
2021-03-25 09:00:00+09:00,1166.9478953451,100.064283491
2021-03-26 09:00:00+09:00,1358.6807961995,98.6460950644
2021-03-27 09:00:00+09:00,1435.7868974462,100.8996738592
2021-03-28 09:00:00+09:00,1529.3016780433,97.7794035135
2021-03-29 09:00:00+09:00,1662.724377893,95.4055183351
2021-03-30 09:00:00+09:00,1679.0658643201,90.7869640581
2021-03-31 09:00:00+09:00,1732.7605272821,97.2177195674
2021-04-01 09:00:00+09:00,1928.0875861184,97.6744339558
2021-04-02 09:00:00+09:00,1969.8485903187,99.2882373876
2021-04-03 09:00:00+09:00,1821.5882521391,102.1964080505
2021-04-04 09:00:00+09:00,1878.262374863,102.4549981265
2021-04-05 09:00:00+09:00,1700.6435119362,104.2226645561
2021-04-06 09:00:00+09:00,1717.9849995914,103.0997603986
2021-04-07 09:00:00+09:00,1457.5308617613,114.228134477
2021-04-08 09:00:00+09:00,1538.0752489229,112.4302998559
2021-04-09 09:00:00+09:00,1548.2684595657,117.4393895057
2021-04-10 09:00:00+09:00,1469.0437774692,116.8411021856
2021-04-11 09:00:00+09:00,1465.9873323471,108.425052138
2021-04-12 09:00:00+09:00,1444.7211640921,108.4348223457
2021-04-13 09:00:00+09:00,1431.6261421572,110.4227539567
2021-04-14 09:00:00+09:00,1372.7319679163,108.0404558934
2021-04-15 09:00:00+09:00,1469.6418141495,107.9722933842
2021-04-16 09:00:00+09:00,1381.6211938348,104.8932635039
2021-04-17 09:00:00+09:00,1374.0838919157,113.7362603515
2021-04-18 09:00:00+09:00,1224.4795951693,113.4121889493
2021-04-19 09:00:00+09:00,1222.037592518,118.7358510014
2021-04-20 09:00:00+09:00,1240.1628779618,116.1393176178
2021-04-21 09:00:00+09:00,1195.7444038418,110.8744719494
2021-04-22 09:00:00+09:00,1096.6003488506,111.0438753328
2021-04-23 09:00:00+09:00,1084.3709116808,115.515742355
2021-04-24 09:00:00+09:00,1104.7180209171,118.7761549046
2021-04-25 09:00:00+09:00,1177.8305821551,121.3094221709
2021-04-26 09:00:00+09:00,1351.1715577541,122.8230190608
2021-04-27 09:00:00+09:00,1372.8887447355,124.2267832699
2021-04-28 09:00:00+09:00,1324.2274087094,124.7248895777
2021-04-29 09:00:00+09:00,1305.9066579381,126.704060755
2021-04-30 09:00:00+09:00,1351.9349335132,137.9886738653
2021-05-01 09:00:00+09:00,1362.156243084,132.9065198872
2021-05-02 09:00:00+09:00,1357.2550116647,136.6987165857
2021-05-03 09:00:00+09:00,1408.1624220782,138.6266758693
2021-05-04 09:00:00+09:00,1327.6941068632,135.9996687803
2021-05-05 09:00:00+09:00,1404.4021894156,135.1968300738
2021-05-06 09:00:00+09:00,1343.9481412307,134.9870658366
2021-05-07 09:00:00+09:00,1335.9047779662,135.1049458252
2021-05-08 09:00:00+09:00,1350.0471169313,140.91205804
2021-05-09 09:00:00+09:00,1337.7964199189,141.3547251116
2021-05-10 09:00:00+09:00,1236.0050731507,139.6277297405
2021-05-11 09:00:00+09:00,1333.3015737455,126.3690490275
2021-05-12 09:00:00+09:00,1170.2256220019,124.3612293096
2021-05-13 09:00:00+09:00,1199.0581528541,127.1220442887
2021-05-14 09:00:00+09:00,1275.1221231497,132.1294733033
2021-05-15 09:00:00+09:00,1213.9237188108,135.390654686
2021-05-16 09:00:00+09:00,1203.1031172486,131.1233190429
2021-05-17 09:00:00+09:00,1119.4763200711,132.8375135569
2021-05-18 09:00:00+09:00,1153.5636166623,135.7829717687
2021-05-19 09:00:00+09:00,805.1182750213,138.6977452601
2021-05-20 09:00:00+09:00,865.8953449639,138.7005053291
2021-05-21 09:00:00+09:00,772.378076441,136.5925372624
2021-05-22 09:00:00+09:00,696.1988927967,130.5305840022
2021-05-23 09:00:00+09:00,536.1958754625,134.1063145234
2021-05-24 09:00:00+09:00,706.3237346934,134.2808426051
2021-05-25 09:00:00+09:00,701.4280201181,129.5295409547
2021-05-26 09:00:00+09:00,775.8205410261,131.4623623711
2021-05-27 09:00:00+09:00,737.8694415269,129.8277213695
2021-05-28 09:00:00+09:00,660.2813956884,133.8355505495
2021-05-29 09:00:00+09:00,619.0910492303,138.8182653722
2021-05-30 09:00:00+09:00,650.729200417,138.5285495112
2021-05-31 09:00:00+09:00,675.4081549308,146.3620566833
2021-06-01 09:00:00+09:00,656.7439906792,141.6311971092
2021-06-02 09:00:00+09:00,682.9540995287,150.675117356
2021-06-03 09:00:00+09:00,715.019682531,144.3786700662
2021-06-04 09:00:00+09:00,652.4492542063,147.4029438392
2021-06-05 09:00:00+09:00,628.75764565,148.7237721202
2021-06-06 09:00:00+09:00,637.0321283706,147.4723635917
2021-06-07 09:00:00+09:00,559.7282065323,147.4301326043
2021-06-08 09:00:00+09:00,538.519730927,148.6451576707
2021-06-09 09:00:00+09:00,581.1019107049,149.0479334264
2021-06-10 09:00:00+09:00,558.8132747533,149.0679508484
2021-06-11 09:00:00+09:00,513.494804382,149.9940011192
2021-06-12 09:00:00+09:00,489.6004549742,139.9408201683
2021-06-13 09:00:00+09:00,521.2042560622,143.0263754175
2021-06-14 09:00:00+09:00,543.6284451049,143.35844503
2021-06-15 09:00:00+09:00,627.2632101553,141.0665770973
2021-06-16 09:00:00+09:00,583.0990540123,140.4605483162
2021-06-17 09:00:00+09:00,582.3613054254,141.7330218923
2021-06-18 09:00:00+09:00,552.7667633398,141.9363058947
2021-06-19 09:00:00+09:00,531.1477207529,140.8743808742
2021-06-20 09:00:00+09:00,522.0335895387,138.4063996152
2021-06-21 09:00:00+09:00,407.581264786,139.4090232115
2021-06-22 09:00:00+09:00,392.0739502767,138.8850219155
2021-06-23 09:00:00+09:00,446.1320661823,144.511231965
2021-06-24 09:00:00+09:00,492.4237317609,145.2525638862
2021-06-25 09:00:00+09:00,439.5631357747,140.6824303206
2021-06-26 09:00:00+09:00,449.4095584176,139.7524545132
2021-06-27 09:00:00+09:00,471.725010117,138.2444011709
2021-06-28 09:00:00+09:00,490.5561324077,134.3113922558
2021-06-29 09:00:00+09:00,516.8101941473,135.8677221053
2021-06-30 09:00:00+09:00,536.7104222816,137.353767878
2021-07-01 09:00:00+09:00,511.0515492588,136.3044289901
2021-07-02 09:00:00+09:00,506.4655137009,138.4903910069
2021-07-03 09:00:00+09:00,516.3198163389,137.604873416
2021-07-04 09:00:00+09:00,526.5195479515,136.4439645782
2021-07-05 09:00:00+09:00,540.4644784801,138.3786280513
2021-07-06 09:00:00+09:00,553.6638502227,137.5349141771
2021-07-07 09:00:00+09:00,560.866948291,145.7254359058
2021-07-08 09:00:00+09:00,550.8184429808,145.2516846685
2021-07-09 09:00:00+09:00,581.180640272,151.8478757003
2021-07-10 09:00:00+09:00,569.0535836933,149.6434499822
2021-07-11 09:00:00+09:00,592.0745531836,148.3256461765
2021-07-12 09:00:00+09:00,567.6934731261,149.1488614037
2021-07-13 09:00:00+09:00,533.9183887401,150.5365097209
2021-07-14 09:00:00+09:00,522.0085491917,149.1739905056
2021-07-15 09:00:00+09:00,508.3597366616,150.1100487186
2021-07-16 09:00:00+09:00,491.6492988551,149.8122887871
2021-07-17 09:00:00+09:00,494.3935070336,147.4845563615
2021-07-18 09:00:00+09:00,493.2417304029,147.5350482738
2021-07-19 09:00:00+09:00,469.4089879102,148.3283600631
2021-07-20 09:00:00+09:00,456.6907014729,149.2498837088
2021-07-21 09:00:00+09:00,498.9544612487,146.880958462
2021-07-22 09:00:00+09:00,522.6133460193,151.1694774071
2021-07-23 09:00:00+09:00,547.3761412837,155.7691509249
2021-07-24 09:00:00+09:00,569.7562508614,158.6826534186
2021-07-25 09:00:00+09:00,563.5538407513,158.069116128
2021-07-26 09:00:00+09:00,573.3024743318,166.2669601635
2021-07-27 09:00:00+09:00,601.0722324965,168.0036567769
2021-07-28 09:00:00+09:00,633.8865059682,176.4812280059
2021-07-29 09:00:00+09:00,652.5119076214,177.8811405133
2021-07-30 09:00:00+09:00,663.3038775816,179.3993772457
2021-07-31 09:00:00+09:00,666.0415563601,182.9160482338
2021-08-01 09:00:00+09:00,683.9222601863,187.9073113154
2021-08-02 09:00:00+09:00,692.9886722053,201.919792729
2021-08-03 09:00:00+09:00,731.0248076826,191.3865544021
2021-08-04 09:00:00+09:00,746.5391329832,198.5057126929
2021-08-05 09:00:00+09:00,760.6996185236,198.8159248317
2021-08-06 09:00:00+09:00,808.0762555998,204.5440323646
2021-08-07 09:00:00+09:00,838.836122641,205.0142193706
2021-08-08 09:00:00+09:00,801.5760864425,199.9650868195
2021-08-09 09:00:00+09:00,819.5730792551,205.5711868516
2021-08-10 09:00:00+09:00,877.9506545589,205.3309958072
2021-08-11 09:00:00+09:00,942.5772896238,209.0163505789
2021-08-12 09:00:00+09:00,946.6766136313,199.8451276567
2021-08-13 09:00:00+09:00,1039.0018307023,205.8853850106
2021-08-14 09:00:00+09:00,1053.7955786224,214.5135934041
2021-08-15 09:00:00+09:00,1105.7104749047,215.528036691
2021-08-16 09:00:00+09:00,1117.8878134019,218.3232430875
2021-08-17 09:00:00+09:00,1104.9541130399,220.5605291434
2021-08-18 09:00:00+09:00,1215.3060934234,222.319071153
2021-08-19 09:00:00+09:00,1239.8114315334,217.0326220291
2021-08-20 09:00:00+09:00,1286.6590712263,209.3750898851
2021-08-21 09:00:00+09:00,1218.8878264354,213.8771342605
2021-08-22 09:00:00+09:00,1222.1078477644,203.1449801853
2021-08-23 09:00:00+09:00,1270.631213903,207.7833913968
2021-08-24 09:00:00+09:00,1213.479905453,206.9675543444
2021-08-25 09:00:00+09:00,1240.9356575516,211.3159124084
2021-08-26 09:00:00+09:00,1129.9877231078,201.0900656807
2021-08-27 09:00:00+09:00,1268.2530588629,202.8444009856
2021-08-28 09:00:00+09:00,1285.640314861,198.1228948251
2021-08-29 09:00:00+09:00,1252.7140851225,203.7490631244
2021-08-30 09:00:00+09:00,1231.6662253223,206.4289420652
2021-08-31 09:00:00+09:00,1201.9826424178,213.5939232152
2021-09-01 09:00:00+09:00,1236.8683794668,213.6446923195
2021-09-02 09:00:00+09:00,1241.004829115,225.0010937822
2021-09-03 09:00:00+09:00,1253.7114251191,210.9346073862
2021-09-04 09:00:00+09:00,1281.0807193275,184.7773949592
2021-09-05 09:00:00+09:00,1347.6875334871,189.7486802961
2021-09-06 09:00:00+09:00,1330.4828366594,174.9817037017
2021-09-07 09:00:00+09:00,1121.169990866,181.511655802
2021-09-08 09:00:00+09:00,1093.5128638861,182.1985255842
2021-09-09 09:00:00+09:00,1138.3664006689,177.6556454214
2021-09-10 09:00:00+09:00,1306.3467612844,181.5873954919
2021-09-11 09:00:00+09:00,1244.4504338668,185.439931417
2021-09-12 09:00:00+09:00,1256.2978175876,187.4461969044
2021-09-13 09:00:00+09:00,1228.4802710014,190.9367840688
2021-09-14 09:00:00+09:00,1241.6861835778,185.3710044442
2021-09-15 09:00:00+09:00,1271.4233275869,190.0277543481
2021-09-16 09:00:00+09:00,1253.8281824778,187.2320000382
2021-09-17 09:00:00+09:00,1171.0246343574,188.3727426087
2021-09-18 09:00:00+09:00,1194.8263793758,192.1927823326
2021-09-19 09:00:00+09:00,1132.4896465074,190.9851778695
2021-09-20 09:00:00+09:00,972.6278442442,192.2134686508
2021-09-21 09:00:00+09:00,902.5598552544,187.0180077367
2021-09-22 09:00:00+09:00,1081.5602558289,174.6600453194
2021-09-23 09:00:00+09:00,1123.1324498705,177.0319972879
2021-09-24 09:00:00+09:00,1124.4086626391,168.4570351863
2021-09-25 09:00:00+09:00,1084.0363442073,180.316784413
2021-09-26 09:00:00+09:00,1054.1528180458,182.8659192863
2021-09-27 09:00:00+09:00,1054.9508892516,184.2012207781
2021-09-28 09:00:00+09:00,979.8110171092,185.4619948491
2021-09-29 09:00:00+09:00,1002.1672848071,184.4141777857
2021-09-30 09:00:00+09:00,1085.4303594427,186.9000628069
2021-10-01 09:00:00+09:00,1188.3388231117,186.5398059729
2021-10-02 09:00:00+09:00,1222.9327496588,183.4115157208
2021-10-03 09:00:00+09:00,1263.807453371,180.023474072
2021-10-04 09:00:00+09:00,1321.9931807434,180.2557351915
2021-10-05 09:00:00+09:00,1385.4876629588,183.5200162926
2021-10-06 09:00:00+09:00,1363.8679209556,184.7928983429
2021-10-07 09:00:00+09:00,1410.3630795644,179.2817188892
2021-10-08 09:00:00+09:00,1399.4679552679,180.5632660665
2021-10-09 09:00:00+09:00,1472.2152647359,184.6950457233
2021-10-10 09:00:00+09:00,1370.9025442963,189.8288617793
2021-10-11 09:00:00+09:00,1331.4579992325,192.1071474043
2021-10-12 09:00:00+09:00,1312.9140761803,194.5378701845
2021-10-13 09:00:00+09:00,1313.5115062623,198.2699278567
2021-10-14 09:00:00+09:00,1323.5755719068,196.229131477
2021-10-15 09:00:00+09:00,1292.9440167251,194.7792684021
2021-10-16 09:00:00+09:00,1283.7745416707,194.3289909284
2021-10-17 09:00:00+09:00,1276.1934791457,189.8697277733
2021-10-18 09:00:00+09:00,1273.1508361553,190.7050580473
2021-10-19 09:00:00+09:00,1310.0354205372,193.4730735862
2021-10-20 09:00:00+09:00,1377.1693140838,194.929861671
2021-10-21 09:00:00+09:00,1339.1832206773,191.4201166345
2021-10-22 09:00:00+09:00,1376.8274226421,202.7650280133
2021-10-23 09:00:00+09:00,1376.1468293359,208.7751406564
2021-10-24 09:00:00+09:00,1361.9051858056,207.9909240865
2021-10-25 09:00:00+09:00,1403.3092827025,210.8395453834
2021-10-26 09:00:00+09:00,1410.7169377997,208.3961747443
2021-10-27 09:00:00+09:00,1295.5106552134,205.8241554101
2021-10-28 09:00:00+09:00,1375.0873216197,210.9822316853
2021-10-29 09:00:00+09:00,1446.0356987614,203.9710311121
2021-10-30 09:00:00+09:00,1432.5751016393,202.9592958974
2021-10-31 09:00:00+09:00,1443.4588609712,201.4931584921
2021-11-01 09:00:00+09:00,1486.2949008903,203.7869439697
2021-11-02 09:00:00+09:00,1579.9198319174,205.5931521087
2021-11-03 09:00:00+09:00,1570.4038191189,199.7096290071
2021-11-04 09:00:00+09:00,1573.9029875555,200.9265742666
2021-11-05 09:00:00+09:00,1531.3036265646,203.2641707112
2021-11-06 09:00:00+09:00,1541.5843003922,214.5954266393
2021-11-07 09:00:00+09:00,1545.8296466432,225.6860908718
2021-11-08 09:00:00+09:00,1580.8901997939,215.8821242209
2021-11-09 09:00:00+09:00,1533.8353352125,224.5287438036
2021-11-10 09:00:00+09:00,1604.2617882177,221.0303784112
2021-11-11 09:00:00+09:00,1668.6515255156,222.3046587392
2021-11-12 09:00:00+09:00,1641.2330540015,226.1978157835
2021-11-13 09:00:00+09:00,1683.5668357787,227.9331574544
2021-11-14 09:00:00+09:00,1751.4532197667,232.9122529269
2021-11-15 09:00:00+09:00,1755.8527511275,228.7874992487
2021-11-16 09:00:00+09:00,1683.2091946849,224.8111061101
2021-11-17 09:00:00+09:00,1765.2114745921,233.7787672251
2021-11-18 09:00:00+09:00,1598.8019843839,245.5062185175
2021-11-19 09:00:00+09:00,1769.5412446607,244.2092301264
2021-11-20 09:00:00+09:00,1839.8585467402,244.474274537
2021-11-21 09:00:00+09:00,1953.0953233949,258.4215040604
2021-11-22 09:00:00+09:00,1812.8461484528,281.6522481764
2021-11-23 09:00:00+09:00,1874.4078430545,277.1198703313
2021-11-24 09:00:00+09:00,1802.320109317,303.5697994072
2021-11-25 09:00:00+09:00,1869.2306990734,318.6957494992
2021-11-26 09:00:00+09:00,1632.1131290267,302.7307578229
2021-11-27 09:00:00+09:00,1715.1461769134,270.0669415818
2021-11-28 09:00:00+09:00,1801.7384845463,272.7918476247
2021-11-29 09:00:00+09:00,1875.6932137284,286.7681918887
2021-11-30 09:00:00+09:00,1890.0121198374,294.2754767877
2021-12-01 09:00:00+09:00,1967.1549120083,315.5133545571
2021-12-02 09:00:00+09:00,1930.7575002989,298.7473013284
2021-12-03 09:00:00+09:00,1843.0567886656,305.9251598181
2021-12-04 09:00:00+09:00,1816.5516751761,310.6020437288
2021-12-05 09:00:00+09:00,1676.5607842481,290.066772199
2021-12-06 09:00:00+09:00,1701.9430154817,301.2237937796
2021-12-07 09:00:00+09:00,1733.914979031,305.0009192897
2021-12-08 09:00:00+09:00,1852.2049671693,301.1929941082
2021-12-09 09:00:00+09:00,1659.02304309,283.2727282296
2021-12-10 09:00:00+09:00,1581.9300806095,290.2887154486
2021-12-11 09:00:00+09:00,1617.2473637805,257.8044970877
2021-12-12 09:00:00+09:00,1624.314546301,252.1361517915
2021-12-13 09:00:00+09:00,1424.2238900727,259.2141189956
2021-12-14 09:00:00+09:00,1525.446325212,266.5042308051
2021-12-15 09:00:00+09:00,1589.2755020478,265.9113672181
2021-12-16 09:00:00+09:00,1599.7291267714,265.8522051539
2021-12-17 09:00:00+09:00,1621.362073083,291.1995986332
2021-12-18 09:00:00+09:00,1698.2583322679,299.9654230183
2021-12-19 09:00:00+09:00,1707.8156750309,304.832746295
2021-12-20 09:00:00+09:00,1732.7419638557,309.9788312896
2021-12-21 09:00:00+09:00,1823.7711401997,303.6716941197
2021-12-22 09:00:00+09:00,1839.6434243773,289.7773469412
2021-12-23 09:00:00+09:00,1944.1699474045,295.9342170475
2021-12-24 09:00:00+09:00,1912.9833743369,266.5780445106
2021-12-25 09:00:00+09:00,1966.2827727635,283.3353013299
2021-12-26 09:00:00+09:00,1970.3380919778,290.7041733599
2021-12-27 09:00:00+09:00,1887.0294907066,299.3495418353
2021-12-28 09:00:00+09:00,1789.9321957311,304.1758512246
2021-12-29 09:00:00+09:00,1739.5421369213,317.1485166694
2021-12-30 09:00:00+09:00,1722.7413423161,317.5576175925
2021-12-31 09:00:00+09:00,1724.113003087,325.2774017345
2022-01-01 09:00:00+09:00,1812.5463594498,326.8129117015
2022-01-02 09:00:00+09:00,1828.3153714762,327.4542952355
2022-01-03 09:00:00+09:00,1829.09267484,343.5527423286
2022-01-04 09:00:00+09:00,1793.644471982,381.6421180138
2022-01-05 09:00:00+09:00,1666.1296267215,387.6302902765
2022-01-06 09:00:00+09:00,1664.8973173049,406.9327520168
2022-01-07 09:00:00+09:00,1520.5641676692,450.748892728
2022-01-08 09:00:00+09:00,1497.2017965898,463.3761800004
2022-01-09 09:00:00+09:00,1542.0291864887,465.338449357
2022-01-10 09:00:00+09:00,1441.6459194104,487.7654201506
2022-01-11 09:00:00+09:00,1557.1545847446,474.3462686794
2022-01-12 09:00:00+09:00,1678.4928161763,419.9242134267
2022-01-13 09:00:00+09:00,1601.0328882458,407.4411602974
2022-01-14 09:00:00+09:00,1621.114368393,447.2383520889
2022-01-15 09:00:00+09:00,1653.1272525351,472.2532320931
2022-01-16 09:00:00+09:00,1646.124844407,453.8872115163
2022-01-17 09:00:00+09:00,1566.4818575827,472.5536023586
2022-01-18 09:00:00+09:00,1555.495494047,473.3194408607
2022-01-19 09:00:00+09:00,1556.4562887598,483.1635259941
2022-01-20 09:00:00+09:00,1511.4049160939,493.5416920686
2022-01-21 09:00:00+09:00,1334.0706041007,495.0769896914
2022-01-22 09:00:00+09:00,1297.5376233458,421.4281412015
2022-01-23 09:00:00+09:00,1391.6586572387,455.3450195835
2022-01-24 09:00:00+09:00,1353.4631318465,456.7004668461
2022-01-25 09:00:00+09:00,1362.9607635031,478.0155283669
2022-01-26 09:00:00+09:00,1344.4972178723,465.2172947038
2022-01-27 09:00:00+09:00,1319.7172215939,469.784989702
2022-01-28 09:00:00+09:00,1325.7188798008,436.1055826551
2022-01-29 09:00:00+09:00,1339.7471803814,455.0642122634
2022-01-30 09:00:00+09:00,1292.521275835,481.7519398955
2022-01-31 09:00:00+09:00,1341.5108343943,499.5208766587
2022-02-01 09:00:00+09:00,1334.5145753048,487.2289519633
2022-02-02 09:00:00+09:00,1263.2701133567,496.1122477258
2022-02-03 09:00:00+09:00,1292.7714183747,523.0420762032
2022-02-04 09:00:00+09:00,1407.7217664836,560.1263761393
2022-02-05 09:00:00+09:00,1433.4904652393,555.4774331043
2022-02-06 09:00:00+09:00,1465.1743417274,593.8799035567
2022-02-07 09:00:00+09:00,1530.6113941455,599.4914262964
2022-02-08 09:00:00+09:00,1483.3046555558,595.2485408599
2022-02-09 09:00:00+09:00,1491.265873745,660.6905044367
2022-02-10 09:00:00+09:00,1396.7028941882,683.8793851213
2022-02-11 09:00:00+09:00,1335.8980971327,698.9086305041
2022-02-12 09:00:00+09:00,1346.5649298519,729.7880519244
2022-02-13 09:00:00+09:00,1336.1205771306,763.2744868634
2022-02-14 09:00:00+09:00,1364.1538164446,774.6307812913
2022-02-15 09:00:00+09:00,1448.0510290568,764.8547494515
2022-02-16 09:00:00+09:00,1437.3637306394,750.1491242936
2022-02-17 09:00:00+09:00,1320.8089869812,757.27435054
2022-02-18 09:00:00+09:00,1331.8592093729,799.3383054735
2022-02-19 09:00:00+09:00,1322.2570923574,819.1295970439
2022-02-20 09:00:00+09:00,1275.98786917,895.2980933294
2022-02-21 09:00:00+09:00,1218.1581883767,880.1206193371
2022-02-22 09:00:00+09:00,1299.3790909824,905.9800144294
2022-02-23 09:00:00+09:00,1322.3216611047,857.4740946486
2022-02-24 09:00:00+09:00,1355.5114927285,750.555994871
2022-02-25 09:00:00+09:00,1438.5879188352,777.8406112441
2022-02-26 09:00:00+09:00,1473.3939302452,727.8466435195
2022-02-27 09:00:00+09:00,1395.7862000823,727.2253745413
2022-02-28 09:00:00+09:00,1584.3618223941,743.2177997311
2022-03-01 09:00:00+09:00,1579.5194949625,719.3958853897
2022-03-02 09:00:00+09:00,1561.4408614713,786.4564161577
2022-03-03 09:00:00+09:00,1523.3958035926,767.5145290198
2022-03-04 09:00:00+09:00,1431.5985228259,796.653657134
2022-03-05 09:00:00+09:00,1471.3914995747,772.6052628895
2022-03-06 09:00:00+09:00,1402.8461288092,779.0009801886
2022-03-07 09:00:00+09:00,1373.0729882429,793.912319899
2022-03-08 09:00:00+09:00,1426.6946969872,827.2946011684
2022-03-09 09:00:00+09:00,1550.5813028219,852.2296154366
2022-03-10 09:00:00+09:00,1541.5997412795,898.1005241945
2022-03-11 09:00:00+09:00,1466.1955713695,879.3705322111
2022-03-12 09:00:00+09:00,1455.9177078694,892.5670652685
2022-03-13 09:00:00+09:00,1429.3441743291,868.6115445266
2022-03-14 09:00:00+09:00,1492.9376404877,925.03741786
2022-03-15 09:00:00+09:00,1453.3388221194,892.9259093895
2022-03-16 09:00:00+09:00,1488.5783076329,857.8547813209
2022-03-17 09:00:00+09:00,1470.4785494973,883.2747016516
2022-03-18 09:00:00+09:00,1489.0323864163,912.4283950669
2022-03-19 09:00:00+09:00,1523.3631258267,890.8051114436
2022-03-20 09:00:00+09:00,1492.0042691029,910.8308941959
2022-03-21 09:00:00+09:00,1509.6673525302,909.009890701
2022-03-22 09:00:00+09:00,1510.7584994271,900.628952329
2022-03-23 09:00:00+09:00,1555.3320180366,861.9865643771
2022-03-24 09:00:00+09:00,1591.8147478825,861.9225349117
2022-03-25 09:00:00+09:00,1557.4383237559,814.4368609771
2022-03-26 09:00:00+09:00,1572.5927729838,809.1879038826
2022-03-27 09:00:00+09:00,1621.1543983744,868.8007941383
2022-03-28 09:00:00+09:00,1643.8483759317,871.4397197706
2022-03-29 09:00:00+09:00,1718.3248582907,871.1608287009
2022-03-30 09:00:00+09:00,1730.7854170818,908.6975362807
2022-03-31 09:00:00+09:00,1696.0222522873,926.0270631007
2022-04-01 09:00:00+09:00,1747.2540428829,940.3938111341
2022-04-02 09:00:00+09:00,1800.7872397762,963.7339710763
2022-04-03 09:00:00+09:00,1793.1866194656,999.7453377337
2022-04-04 09:00:00+09:00,1800.9497375639,963.2852342494
2022-04-05 09:00:00+09:00,1760.8803423683,1003.6869981584
2022-04-06 09:00:00+09:00,1625.7855500245,1040.9310715081
2022-04-07 09:00:00+09:00,1638.0128109708,1061.3856593485
2022-04-08 09:00:00+09:00,1563.8298629185,987.9905894857
2022-04-09 09:00:00+09:00,1588.0009759748,1048.8710103176
2022-04-10 09:00:00+09:00,1547.3879472062,1050.7463948461
2022-04-11 09:00:00+09:00,1404.9154049501,1104.9629831125
2022-04-12 09:00:00+09:00,1433.8428578029,1128.4420452564
2022-04-13 09:00:00+09:00,1490.1832332049,1146.8981614727
2022-04-14 09:00:00+09:00,1444.2425578546,1220.3240024109
2022-04-15 09:00:00+09:00,1438.0424036159,1254.8224351565
2022-04-16 09:00:00+09:00,1432.9699144491,1286.3369490962
2022-04-17 09:00:00+09:00,1391.9995348489,1290.4048033245
2022-04-18 09:00:00+09:00,1451.031146044,1252.4117393239
2022-04-19 09:00:00+09:00,1487.8763707009,1178.7573816021
2022-04-20 09:00:00+09:00,1475.82033369,1158.8512786674
2022-04-21 09:00:00+09:00,1439.3879251078,1202.5492742305
2022-04-22 09:00:00+09:00,1442.0564847377,1162.6250981024
2022-04-23 09:00:00+09:00,1408.5179804616,1114.6468142963
2022-04-24 09:00:00+09:00,1420.830094453,1104.4031607275
2022-04-25 09:00:00+09:00,1428.9349627975,1049.3926830039
2022-04-26 09:00:00+09:00,1330.2367890121,1059.7019569371
2022-04-27 09:00:00+09:00,1329.0051256986,1180.1171108951
2022-04-28 09:00:00+09:00,1325.7285466754,1227.1738451175
2022-04-29 09:00:00+09:00,1267.5748855549,1241.8228259437
2022-04-30 09:00:00+09:00,1171.7933627481,1239.3192382089
2022-05-01 09:00:00+09:00,1190.463827724,1303.1574800886
2022-05-02 09:00:00+09:00,1177.8554372611,1344.4855345769
2022-05-03 09:00:00+09:00,1160.8469783475,1326.4567054269
2022-05-04 09:00:00+09:00,1232.6034202465,1413.5521215931
2022-05-05 09:00:00+09:00,1154.8796446255,1341.3227284184
2022-05-06 09:00:00+09:00,1112.7730574943,1488.6672285878
2022-05-07 09:00:00+09:00,1042.9553295139,1475.8990472777
2022-05-08 09:00:00+09:00,997.9822404794,1470.2697929447
2022-05-09 09:00:00+09:00,747.1850858597,1524.1621493244
2022-05-10 09:00:00+09:00,690.5509964807,1526.5864611261
2022-05-11 09:00:00+09:00,533.2150079397,1450.1495236636
2022-05-12 09:00:00+09:00,486.8499228362,1531.0188794691
2022-05-13 09:00:00+09:00,532.9660986093,1334.0379299399
2022-05-14 09:00:00+09:00,575.6126774291,1378.3736084279
2022-05-15 09:00:00+09:00,595.1172005104,1463.1931287404
2022-05-16 09:00:00+09:00,559.6394964446,1362.5501016559
2022-05-17 09:00:00+09:00,590.1885846672,1361.0575925853
2022-05-18 09:00:00+09:00,531.3080998318,1260.9813386525
2022-05-19 09:00:00+09:00,564.6753661137,1281.8185739654
2022-05-20 09:00:00+09:00,558.8574122476,939.2461620487
2022-05-21 09:00:00+09:00,605.4367103491,1086.3338107083
2022-05-22 09:00:00+09:00,650.636694856,950.8499396302
2022-05-23 09:00:00+09:00,637.800746884,905.696503238
2022-05-24 09:00:00+09:00,633.8748299313,817.1305916156
2022-05-25 09:00:00+09:00,671.3684755592,988.076773837
2022-05-26 09:00:00+09:00,646.731047356,988.1799306945
2022-05-27 09:00:00+09:00,620.0474186568,1055.5523381302
2022-05-28 09:00:00+09:00,617.6529784107,1010.7583240861
2022-05-29 09:00:00+09:00,638.2032351037,917.5329297618
2022-05-30 09:00:00+09:00,682.1612221928,869.0221426492
2022-05-31 09:00:00+09:00,667.7746025844,910.6455589742
2022-06-01 09:00:00+09:00,631.6866794745,1000.259114124
2022-06-02 09:00:00+09:00,645.1252186036,988.1407312848
2022-06-03 09:00:00+09:00,616.7939236522,1026.7131454434
2022-06-04 09:00:00+09:00,620.9342007065,1074.7462322323
2022-06-05 09:00:00+09:00,618.8941446707,1003.1272577544
2022-06-06 09:00:00+09:00,632.3578182927,975.4482089846
2022-06-07 09:00:00+09:00,610.0167577289,991.821352697
2022-06-08 09:00:00+09:00,600.2692297903,921.2593393978
2022-06-09 09:00:00+09:00,589.1322182631,913.2258675281
2022-06-10 09:00:00+09:00,564.5597228631,972.4598178074
2022-06-11 09:00:00+09:00,535.7738729652,929.9396817026
2022-06-12 09:00:00+09:00,496.2100680945,905.1391244739
2022-06-13 09:00:00+09:00,416.1043421642,891.8334433422
2022-06-14 09:00:00+09:00,428.9609581523,957.0105759617
2022-06-15 09:00:00+09:00,460.2738638142,987.8651206093
2022-06-16 09:00:00+09:00,416.213248178,974.3811427389
2022-06-17 09:00:00+09:00,428.8312243521,923.1911872242
2022-06-18 09:00:00+09:00,404.4897288487,923.7396140193
2022-06-19 09:00:00+09:00,425.1697330248,870.6369864947
2022-06-20 09:00:00+09:00,427.6320723775,856.8030659362
2022-06-21 09:00:00+09:00,447.5057291635,867.5290705019
2022-06-22 09:00:00+09:00,424.1404104792,717.7641833401
2022-06-23 09:00:00+09:00,440.075500164,715.5590020393
2022-06-24 09:00:00+09:00,455.0065961115,767.1478584972
2022-06-25 09:00:00+09:00,463.9838361094,794.1408318937
2022-06-26 09:00:00+09:00,450.600783091,724.3516013904
2022-06-27 09:00:00+09:00,451.7907008538,732.3030795255
2022-06-28 09:00:00+09:00,442.0971362387,784.4078385225
2022-06-29 09:00:00+09:00,434.2414361463,795.602429503
2022-06-30 09:00:00+09:00,451.1630036564,831.2855701099
2022-07-01 09:00:00+09:00,432.75819226,836.4540903324
2022-07-02 09:00:00+09:00,429.4755929845,791.246679812
2022-07-03 09:00:00+09:00,429.3940750815,800.1425289013
2022-07-04 09:00:00+09:00,434.574546826,821.2449256875
2022-07-05 09:00:00+09:00,424.7381939312,843.3824810281
2022-07-06 09:00:00+09:00,425.4715690521,805.7605353671
2022-07-07 09:00:00+09:00,436.7001041225,833.1427313308
2022-07-08 09:00:00+09:00,437.7009894606,828.4901744332
2022-07-09 09:00:00+09:00,442.6055189382,780.9950733587
2022-07-10 09:00:00+09:00,432.426592315,797.9169283541
2022-07-11 09:00:00+09:00,404.607513816,786.7205289998
2022-07-12 09:00:00+09:00,394.4692739236,799.0578806726
2022-07-13 09:00:00+09:00,403.9145391389,772.3677431254
2022-07-14 09:00:00+09:00,406.3773041988,749.0018740009
2022-07-15 09:00:00+09:00,411.8253552765,753.5136629735
2022-07-16 09:00:00+09:00,418.1030176736,728.3620865351
2022-07-17 09:00:00+09:00,417.1612772933,708.8836378529
2022-07-18 09:00:00+09:00,441.3154414156,712.8414647511
2022-07-19 09:00:00+09:00,460.4628082013,722.3198525804
2022-07-20 09:00:00+09:00,443.7105134505,687.8097880067
2022-07-21 09:00:00+09:00,447.0562597184,663.0974011679
2022-07-22 09:00:00+09:00,445.436046145,729.5597040257
2022-07-23 09:00:00+09:00,443.3767307639,742.2023039538
2022-07-24 09:00:00+09:00,446.7487597311,769.1372534368
2022-07-25 09:00:00+09:00,432.6026532418,787.1555790847
2022-07-26 09:00:00+09:00,427.8292929497,794.9237113624
2022-07-27 09:00:00+09:00,448.0530067372,819.5365103217
2022-07-28 09:00:00+09:00,466.2877746612,849.2958074814
2022-07-29 09:00:00+09:00,487.8797983282,858.5465634336
2022-07-30 09:00:00+09:00,492.1158667788,873.4254992302
2022-07-31 09:00:00+09:00,493.7160901746,907.748355289
2022-08-01 09:00:00+09:00,513.5611509971,917.6997247012
2022-08-02 09:00:00+09:00,492.6806652893,904.2443440539
2022-08-03 09:00:00+09:00,492.2714933396,904.4652125195
2022-08-04 09:00:00+09:00,512.0651538973,883.4283940953
2022-08-05 09:00:00+09:00,518.9899328419,928.5198557478
2022-08-06 09:00:00+09:00,513.6703690791,952.0638274528
2022-08-07 09:00:00+09:00,513.3237271688,981.2094764513
2022-08-08 09:00:00+09:00,523.2335965462,1049.8206995555
2022-08-09 09:00:00+09:00,506.4891789074,1008.3060660518
2022-08-10 09:00:00+09:00,527.0860764527,1062.607143681
2022-08-11 09:00:00+09:00,534.0161220015,1074.1561896427
2022-08-12 09:00:00+09:00,546.4807297776,1107.3732756823
2022-08-13 09:00:00+09:00,545.8343295121,1077.8498798683
2022-08-14 09:00:00+09:00,541.4344375158,1177.2874077968
2022-08-15 09:00:00+09:00,533.0388731441,1183.6489512412
2022-08-16 09:00:00+09:00,522.7291753526,1206.3596721746
2022-08-17 09:00:00+09:00,504.3564808335,1173.7727318043
2022-08-18 09:00:00+09:00,496.4681835814,1120.5071265865
2022-08-19 09:00:00+09:00,437.2042254804,1139.8732386889
2022-08-20 09:00:00+09:00,447.0690674582,1210.0041923744
2022-08-21 09:00:00+09:00,457.0862083229,1262.3316548658
2022-08-22 09:00:00+09:00,446.3288929441,1240.8555401729
2022-08-23 09:00:00+09:00,456.4655459662,1258.7246434153
2022-08-24 09:00:00+09:00,453.0275794144,1296.218553692
2022-08-25 09:00:00+09:00,461.3485454061,1222.5524728949
2022-08-26 09:00:00+09:00,429.888495034,1253.7116601791
2022-08-27 09:00:00+09:00,428.3266317569,1188.1519558941
2022-08-28 09:00:00+09:00,427.4743127981,1274.7134415368
2022-08-29 09:00:00+09:00,438.2495105804,1263.3235356857
2022-08-30 09:00:00+09:00,435.152402802,1257.8460966494
2022-08-31 09:00:00+09:00,437.4280961969,1230.3983949103
2022-09-01 09:00:00+09:00,430.360877483,1271.4167615561
2022-09-02 09:00:00+09:00,427.96215094,1352.3444051592
2022-09-03 09:00:00+09:00,423.0265759307,1359.496527808
2022-09-04 09:00:00+09:00,425.6608430825,1395.1237655734
2022-09-05 09:00:00+09:00,422.6617477641,1388.2582050014
2022-09-06 09:00:00+09:00,404.2716078086,1436.3934787989
2022-09-07 09:00:00+09:00,408.509948149,1448.8338703861
2022-09-08 09:00:00+09:00,421.622091619,1257.9344279534
2022-09-09 09:00:00+09:00,433.8281888562,1262.2160856276
2022-09-10 09:00:00+09:00,439.3017214072,1267.6850670518
2022-09-11 09:00:00+09:00,442.2410480699,1216.2426585755
2022-09-12 09:00:00+09:00,440.1880397232,1239.8331679709
2022-09-13 09:00:00+09:00,407.5981426923,1273.7013845144
2022-09-14 09:00:00+09:00,406.3287615909,1223.8092317763
2022-09-15 09:00:00+09:00,395.1968684114,1269.027262946
2022-09-16 09:00:00+09:00,395.7015070704,1312.0677186798
2022-09-17 09:00:00+09:00,402.8711023763,1289.2016989514
2022-09-18 09:00:00+09:00,380.4540731002,1248.2491223848
2022-09-19 09:00:00+09:00,382.4563165342,1274.5211319661
2022-09-20 09:00:00+09:00,375.6303066486,1236.6307336459
2022-09-21 09:00:00+09:00,370.8269662154,1097.8792223605
2022-09-22 09:00:00+09:00,384.0977692073,1038.3319247146
2022-09-23 09:00:00+09:00,381.6660843263,1154.257360111
2022-09-24 09:00:00+09:00,379.7857932614,1182.1591253742
2022-09-25 09:00:00+09:00,374.3219549558,1114.3622117995
2022-09-26 09:00:00+09:00,374.7625607646,1108.0601986538
2022-09-27 09:00:00+09:00,375.7026727815,1117.9451698802
2022-09-28 09:00:00+09:00,374.3011632275,1087.6879698207
2022-09-29 09:00:00+09:00,372.6851973795,1050.6253406651
2022-09-30 09:00:00+09:00,368.6651385364,1076.4192725703
2022-10-01 09:00:00+09:00,365.6751723128,1127.9038422711
2022-10-02 09:00:00+09:00,359.1191206283,1239.8960955582
2022-10-03 09:00:00+09:00,363.9270136503,1252.4280896348
2022-10-04 09:00:00+09:00,370.0195200693,1266.3667669934
2022-10-05 09:00:00+09:00,366.7054929275,1262.5037157683
2022-10-06 09:00:00+09:00,365.6715509823,1307.621442014
2022-10-07 09:00:00+09:00,362.8354548813,1335.2093358774
2022-10-08 09:00:00+09:00,362.329051432,1328.7001195793
2022-10-09 09:00:00+09:00,361.7678821363,1320.7400400941
2022-10-10 09:00:00+09:00,351.6862482066,1343.4189650913
2022-10-11 09:00:00+09:00,337.4581787156,1299.994867639
2022-10-12 09:00:00+09:00,335.2129928281,1334.2353782505
2022-10-13 09:00:00+09:00,320.3572082872,1319.5022426517
2022-10-14 09:00:00+09:00,320.7342817634,1361.8983752555
2022-10-15 09:00:00+09:00,323.6508060608,1380.2188409495
2022-10-16 09:00:00+09:00,321.3131741381,1432.9954557294
2022-10-17 09:00:00+09:00,330.5387841106,1420.3002321181
2022-10-18 09:00:00+09:00,329.6815530286,1421.3184705649
2022-10-19 09:00:00+09:00,318.1863000328,1413.8558177621
2022-10-20 09:00:00+09:00,311.8986065863,1446.455989013
2022-10-21 09:00:00+09:00,316.2938013324,1517.4710216707
2022-10-22 09:00:00+09:00,313.8358901437,1465.5707688098
2022-10-23 09:00:00+09:00,339.3507688986,1454.6266872378
2022-10-24 09:00:00+09:00,358.5519826009,1489.1080837234
2022-10-25 09:00:00+09:00,366.1467604384,1471.0354024263
2022-10-26 09:00:00+09:00,382.4580076511,1516.5490086768
2022-10-27 09:00:00+09:00,405.5038045034,1484.4572532878
2022-10-28 09:00:00+09:00,414.9143947325,1393.8454203475
2022-10-29 09:00:00+09:00,453.0645926712,1486.4978643956
2022-10-30 09:00:00+09:00,426.7782472706,1528.9750568196
2022-10-31 09:00:00+09:00,418.0353913553,1504.2416776702
2022-11-01 09:00:00+09:00,408.9360789078,1503.9917433578
2022-11-02 09:00:00+09:00,397.068614555,1518.250583751
2022-11-03 09:00:00+09:00,400.488342329,1572.5843778644
2022-11-04 09:00:00+09:00,410.5122212766,1589.0581670455
2022-11-05 09:00:00+09:00,412.1532120677,1563.8963505752
2022-11-06 09:00:00+09:00,400.3282780401,1565.3811576653
2022-11-07 09:00:00+09:00,397.7585686826,1583.2742700861
2022-11-08 09:00:00+09:00,340.7934882625,1614.1541206469
2022-11-09 09:00:00+09:00,265.2640606909,1686.5720776199
2022-11-10 09:00:00+09:00,310.7051658358,1668.4406824772
2022-11-11 09:00:00+09:00,304.7068516712,1613.0614367824
2022-11-12 09:00:00+09:00,291.6891013977,1635.122565077
2022-11-13 09:00:00+09:00,280.3440136644,1607.6556643703
2022-11-14 09:00:00+09:00,280.6775889934,1624.6275808078
2022-11-15 09:00:00+09:00,286.0681849125,1627.6393528948
2022-11-16 09:00:00+09:00,282.6160080269,1591.3715332325
2022-11-17 09:00:00+09:00,279.1874993343,1481.5021236837
2022-11-18 09:00:00+09:00,285.8789174438,1492.2657888681
2022-11-19 09:00:00+09:00,296.6885394804,1392.1180045294
2022-11-20 09:00:00+09:00,285.6366862103,1471.4622903822
2022-11-21 09:00:00+09:00,275.1863811163,1508.4827867107
2022-11-22 09:00:00+09:00,290.5568481624,1480.0291616972
2022-11-23 09:00:00+09:00,312.3552205307,1420.5022794568
2022-11-24 09:00:00+09:00,305.9895108699,1468.3386799377
2022-11-25 09:00:00+09:00,300.9576839516,1434.6104367885
2022-11-26 09:00:00+09:00,304.9556823475,1496.5154887474
2022-11-27 09:00:00+09:00,300.5078109725,1349.5562874766
2022-11-28 09:00:00+09:00,290.6048797407,1378.3312253418
2022-11-29 09:00:00+09:00,298.8221528745,1427.4529884227
2022-11-30 09:00:00+09:00,316.1841708708,1465.3911015905
2022-12-01 09:00:00+09:00,310.6060281145,1481.2677202381
2022-12-02 09:00:00+09:00,312.0543738997,1486.7237442149
2022-12-03 09:00:00+09:00,306.4791741285,1473.329763634
2022-12-04 09:00:00+09:00,310.3528424357,1394.7582393233
2022-12-05 09:00:00+09:00,306.8333347019,1306.8477541057
2022-12-06 09:00:00+09:00,305.9103739226,1292.2676481415
2022-12-07 09:00:00+09:00,296.6732389613,1332.0555876172
2022-12-08 09:00:00+09:00,303.5804563566,1327.1024177121
2022-12-09 09:00:00+09:00,308.7647561465,1354.900214568
2022-12-10 09:00:00+09:00,313.0896299305,1262.3293516692
2022-12-11 09:00:00+09:00,310.9930514984,1216.7432880537
2022-12-12 09:00:00+09:00,306.0749667237,1269.5948232612
2022-12-13 09:00:00+09:00,309.0692004795,1287.2883366889
2022-12-14 09:00:00+09:00,302.7523842392,1176.7199707884
2022-12-15 09:00:00+09:00,293.501145107,1219.4317113894
2022-12-16 09:00:00+09:00,272.4376203943,1257.7881446373
2022-12-17 09:00:00+09:00,266.7234921668,1228.3868401084
2022-12-18 09:00:00+09:00,266.2761802929,1207.1551624329
2022-12-19 09:00:00+09:00,255.7247647369,1236.1449927746
2022-12-20 09:00:00+09:00,266.8516652395,1226.3265248832
2022-12-21 09:00:00+09:00,266.3415085121,1226.045773021
2022-12-22 09:00:00+09:00,263.6766353952,1272.7694206991
2022-12-23 09:00:00+09:00,266.6795001127,1274.6663610195
2022-12-24 09:00:00+09:00,270.5835278308,1339.5809640484
2022-12-25 09:00:00+09:00,269.1938724666,1321.2949664758
2022-12-26 09:00:00+09:00,266.6809636496,1334.5327381499
2022-12-27 09:00:00+09:00,259.454491552,1345.1409472027
2022-12-28 09:00:00+09:00,248.5505152416,1341.1349638732
2022-12-29 09:00:00+09:00,248.6645550676,1253.9949788094
2022-12-30 09:00:00+09:00,246.9787891189,1211.513359358
2022-12-31 09:00:00+09:00,250.0392655228,1233.0235355502
2023-01-01 09:00:00+09:00,250.1825816334,1218.5603703657
2023-01-02 09:00:00+09:00,254.315427206,1259.5536402868
2023-01-03 09:00:00+09:00,252.9262587106,1263.9893931263
2023-01-04 09:00:00+09:00,260.9131234547,1241.5523984897
2023-01-05 09:00:00+09:00,260.4404200876,1231.4371737994
2023-01-06 09:00:00+09:00,260.1681012783,1158.2299032803
2023-01-07 09:00:00+09:00,262.6352716764,1145.1630758635
2023-01-08 09:00:00+09:00,269.6916726966,1082.0906804961
2023-01-09 09:00:00+09:00,280.2541917026,1064.1505743127
2023-01-10 09:00:00+09:00,287.5062491582,1081.3974343061
2023-01-11 09:00:00+09:00,292.2862786724,1059.7894056436
2023-01-12 09:00:00+09:00,297.9888606377,1106.6448717486
2023-01-13 09:00:00+09:00,311.2353890777,1157.9445055021
2023-01-14 09:00:00+09:00,327.5058575315,1116.7579328569
2023-01-15 09:00:00+09:00,335.4515963171,1143.2588422631
2023-01-16 09:00:00+09:00,332.8653890852,1151.6162298593
2023-01-17 09:00:00+09:00,344.3353626064,1158.2810520105
2023-01-18 09:00:00+09:00,325.0852136496,1121.6167244051
2023-01-19 09:00:00+09:00,334.7354747072,1108.4116607425
2023-01-20 09:00:00+09:00,352.533837858,1082.8000806805
2023-01-21 09:00:00+09:00,347.7571552182,1044.0730332245
2023-01-22 09:00:00+09:00,350.9127574119,913.033651384
2023-01-23 09:00:00+09:00,357.0055427163,858.0548778486
2023-01-24 09:00:00+09:00,362.7948880163,903.6140251177
2023-01-25 09:00:00+09:00,372.6254837928,882.0634991534
2023-01-26 09:00:00+09:00,371.8923116654,891.77244399
2023-01-27 09:00:00+09:00,379.4358713006,887.5874555228
2023-01-28 09:00:00+09:00,377.4928822011,881.9344675336
2023-01-29 09:00:00+09:00,385.1305742883,900.6740634758
2023-01-30 09:00:00+09:00,358.8083778584,915.1206886884
2023-01-31 09:00:00+09:00,362.170711227,902.3798177729
2023-02-01 09:00:00+09:00,373.3867919784,925.8190725191
2023-02-02 09:00:00+09:00,372.7886805679,946.2672740209
2023-02-03 09:00:00+09:00,385.0394689915,900.8186664084
2023-02-04 09:00:00+09:00,390.4464876119,907.66884007
2023-02-05 09:00:00+09:00,379.6917749839,999.5455674967
2023-02-06 09:00:00+09:00,384.1577505934,1009.8772628048
2023-02-07 09:00:00+09:00,394.3750726227,1034.8416401281
2023-02-08 09:00:00+09:00,390.9577325841,1081.767382709
2023-02-09 09:00:00+09:00,364.6518243477,1071.8985820386
2023-02-10 09:00:00+09:00,365.4878054982,1092.2581176941
2023-02-11 09:00:00+09:00,370.3933735045,1051.234711707
2023-02-12 09:00:00+09:00,363.7291198937,998.5575082229
2023-02-13 09:00:00+09:00,354.4530700205,1000.4053339834
2023-02-14 09:00:00+09:00,362.1191671404,993.7304751162
2023-02-15 09:00:00+09:00,391.8712011741,1003.8077889435
2023-02-16 09:00:00+09:00,383.0671869551,1071.2058562691
2023-02-17 09:00:00+09:00,424.6319459087,1056.4540597241
2023-02-18 09:00:00+09:00,436.1484102119,974.1710096272
2023-02-19 09:00:00+09:00,446.4168185834,957.6821443733
2023-02-20 09:00:00+09:00,458.658736381,959.473133087
2023-02-21 09:00:00+09:00,468.7185420931,913.8389525801
2023-02-22 09:00:00+09:00,465.1900324994,871.4733392583
2023-02-23 09:00:00+09:00,462.0010852794,902.8945070873
2023-02-24 09:00:00+09:00,449.4658163262,885.6758125629
2023-02-25 09:00:00+09:00,440.9974219121,895.0023718023
2023-02-26 09:00:00+09:00,462.3628255221,938.8175387798
2023-02-27 09:00:00+09:00,458.5824690035,941.4743270838
2023-02-28 09:00:00+09:00,448.3209315021,898.8490738758
2023-03-01 09:00:00+09:00,451.5405916491,1012.0051037438
2023-03-02 09:00:00+09:00,428.2187081233,1029.5268105696
2023-03-03 09:00:00+09:00,397.3765388071,1021.3741310333
2023-03-04 09:00:00+09:00,391.3955101331,989.0921417103
2023-03-05 09:00:00+09:00,393.5902363649,917.9313848541
2023-03-06 09:00:00+09:00,389.292194496,936.0504561297
2023-03-07 09:00:00+09:00,375.9380171801,899.957517557
2023-03-08 09:00:00+09:00,351.4322707081,887.0527566807
2023-03-09 09:00:00+09:00,340.2845014052,904.7342967677
2023-03-10 09:00:00+09:00,341.7358654387,967.227061534
2023-03-11 09:00:00+09:00,339.4155872121,920.2134606712
2023-03-12 09:00:00+09:00,355.2651404037,907.5051370057
2023-03-13 09:00:00+09:00,379.3365167949,908.4017885681
2023-03-14 09:00:00+09:00,389.8826196501,886.0935742719
2023-03-15 09:00:00+09:00,370.0082330161,916.4910576982
2023-03-16 09:00:00+09:00,372.5667418549,914.6860908448
2023-03-17 18:47:00+09:00,378.7586104769,958.6008868141
